-- MySQL dump 10.13  Distrib 5.1.37, for debian-linux-gnu (x86_64)
--
-- Host: localhost    Database: samples
-- ------------------------------------------------------
-- Server version	5.1.37-1ubuntu5.1

/*!40101 SET @OLD_CHARACTER_SET_CLIENT=@@CHARACTER_SET_CLIENT */;
/*!40101 SET @OLD_CHARACTER_SET_RESULTS=@@CHARACTER_SET_RESULTS */;
/*!40101 SET @OLD_COLLATION_CONNECTION=@@COLLATION_CONNECTION */;
/*!40101 SET NAMES utf8 */;
/*!40103 SET @OLD_TIME_ZONE=@@TIME_ZONE */;
/*!40103 SET TIME_ZONE='+00:00' */;
/*!40014 SET @OLD_UNIQUE_CHECKS=@@UNIQUE_CHECKS, UNIQUE_CHECKS=0 */;
/*!40014 SET @OLD_FOREIGN_KEY_CHECKS=@@FOREIGN_KEY_CHECKS, FOREIGN_KEY_CHECKS=0 */;
/*!40101 SET @OLD_SQL_MODE=@@SQL_MODE, SQL_MODE='NO_AUTO_VALUE_ON_ZERO' */;
/*!40111 SET @OLD_SQL_NOTES=@@SQL_NOTES, SQL_NOTES=0 */;

--
-- Temporary table structure for view `active_animals`
--

DROP TABLE IF EXISTS `active_animals`;
/*!50001 DROP VIEW IF EXISTS `active_animals`*/;
SET @saved_cs_client     = @@character_set_client;
SET character_set_client = utf8;
/*!50001 CREATE TABLE `active_animals` (
  `tag` varchar(11),
  `date_of_birth` datetime,
  `sex` enum('female','male'),
  `species` varchar(32),
  `owner` varchar(32),
  `location` varchar(32),
  `id` int(10) unsigned,
  `animal` varchar(10),
  `approximate_age` varchar(32),
  `measure_time` timestamp,
  `comment` text
) ENGINE=MyISAM */;
SET character_set_client = @saved_cs_client;

--
-- Temporary table structure for view `active_samples`
--

DROP TABLE IF EXISTS `active_samples`;
/*!50001 DROP VIEW IF EXISTS `active_samples`*/;
SET @saved_cs_client     = @@character_set_client;
SET character_set_client = utf8;
/*!50001 CREATE TABLE `active_samples` (
  `barcode` varchar(40),
  `tag_read` int(11),
  `sample_time` timestamp,
  `latitude` double,
  `longtitude` double,
  `altitude` double,
  `hdop` float,
  `satellites` int(11),
  `comment` text
) ENGINE=MyISAM */;
SET character_set_client = @saved_cs_client;

--
-- Temporary table structure for view `active_tags`
--

DROP TABLE IF EXISTS `active_tags`;
/*!50001 DROP VIEW IF EXISTS `active_tags`*/;
SET @saved_cs_client     = @@character_set_client;
SET character_set_client = utf8;
/*!50001 CREATE TABLE `active_tags` (
  `rfid` varchar(15),
  `label` varchar(8),
  `color` varchar(32),
  `supplier` varchar(32),
  `type` varchar(32)
) ENGINE=MyISAM */;
SET character_set_client = @saved_cs_client;

--
-- Table structure for table `animal_measures`
--

DROP TABLE IF EXISTS `animal_measures`;
/*!40101 SET @saved_cs_client     = @@character_set_client */;
/*!40101 SET character_set_client = utf8 */;
CREATE TABLE `animal_measures` (
  `id` int(10) unsigned NOT NULL AUTO_INCREMENT,
  `animal` varchar(10) DEFAULT NULL,
  `approximate_age` varchar(32) DEFAULT NULL,
  `measure_time` timestamp NOT NULL DEFAULT CURRENT_TIMESTAMP ON UPDATE CURRENT_TIMESTAMP,
  `comment` text,
  PRIMARY KEY (`id`)
) ENGINE=MyISAM AUTO_INCREMENT=26 DEFAULT CHARSET=utf8;
/*!40101 SET character_set_client = @saved_cs_client */;

--
-- Dumping data for table `animal_measures`
--

LOCK TABLES `animal_measures` WRITE;
/*!40000 ALTER TABLE `animal_measures` DISABLE KEYS */;
INSERT INTO `animal_measures` VALUES (1,'AVD561','Less than 1 year','2010-04-04 23:02:54',''),(2,'AVD562','Less than 1 year','2010-04-04 23:02:54',''),(3,'AVD567','Less than 1 year','2010-04-04 23:02:54',''),(4,'AVD568','Less than 1 year','2010-04-04 23:02:54',''),(6,'AVD1021','2 years','2010-04-05 16:38:40',''),(7,'AVD1022','1.5 years','2010-04-05 16:38:44',''),(8,'AVD1023','2 years','2010-04-05 16:38:48',''),(9,'AVD1024','2 years','2010-04-05 16:38:51',''),(10,'AVD1025','3 years','2010-04-05 16:38:55',''),(11,'AVD1026','2.5 years','2010-04-05 16:38:59',''),(12,'AVD1027','1.5 years','2010-04-05 16:39:03',''),(13,'AVD1028','4.5 years','2010-04-05 16:39:06',''),(14,'AVD1029','3.5 years','2010-04-05 16:39:09',''),(15,'AVD1030','3.5 years','2010-04-05 16:39:16',''),(16,'AVD1031','3 years','2010-04-05 16:39:19',''),(17,'AVD1032','4 years','2010-04-05 16:39:23',''),(18,'AVD1033','1.5 years','2010-04-05 16:39:39',''),(19,'AVD1034','2 years','2010-04-05 16:39:45',''),(20,'AVD1035','1.5 years','2010-04-05 16:39:49',''),(21,'AVD1036','3 years','2010-04-05 16:39:52',''),(22,'AVD1037','3 years','2010-04-05 16:39:56','Abortion'),(23,'AVD1038','1 years','2010-04-05 16:40:02',''),(24,'AVD1039','3.5 years','2010-04-05 16:40:06','Abortion'),(25,'AVD1040','3 years','2010-04-05 16:40:11','Abortion');
/*!40000 ALTER TABLE `animal_measures` ENABLE KEYS */;
UNLOCK TABLES;

--
-- Table structure for table `animal_replacements`
--

DROP TABLE IF EXISTS `animal_replacements`;
/*!40101 SET @saved_cs_client     = @@character_set_client */;
/*!40101 SET character_set_client = utf8 */;
CREATE TABLE `animal_replacements` (
  `new_tag` varchar(10) DEFAULT NULL,
  `replaced_tag` varchar(10) DEFAULT NULL,
  `replacement_time` timestamp NOT NULL DEFAULT CURRENT_TIMESTAMP ON UPDATE CURRENT_TIMESTAMP
) ENGINE=MyISAM DEFAULT CHARSET=utf8;
/*!40101 SET character_set_client = @saved_cs_client */;

--
-- Dumping data for table `animal_replacements`
--

LOCK TABLES `animal_replacements` WRITE;
/*!40000 ALTER TABLE `animal_replacements` DISABLE KEYS */;
/*!40000 ALTER TABLE `animal_replacements` ENABLE KEYS */;
UNLOCK TABLES;

--
-- Table structure for table `animals`
--

DROP TABLE IF EXISTS `animals`;
/*!40101 SET @saved_cs_client     = @@character_set_client */;
/*!40101 SET character_set_client = utf8 */;
CREATE TABLE `animals` (
  `tag` varchar(11) NOT NULL DEFAULT '',
  `date_of_birth` datetime DEFAULT NULL,
  `sex` enum('female','male') DEFAULT NULL,
  `species` varchar(32) DEFAULT NULL,
  `owner` varchar(32) DEFAULT NULL,
  `location` varchar(32) DEFAULT NULL,
  PRIMARY KEY (`tag`)
) ENGINE=MyISAM DEFAULT CHARSET=utf8;
/*!40101 SET character_set_client = @saved_cs_client */;

--
-- Dumping data for table `animals`
--

LOCK TABLES `animals` WRITE;
/*!40000 ALTER TABLE `animals` DISABLE KEYS */;
INSERT INTO `animals` VALUES ('AVD561',NULL,'male','sheep',NULL,NULL),('AVD562',NULL,'female','sheep',NULL,NULL),('AVD567',NULL,'female','goat',NULL,NULL),('AVD568',NULL,'female','goat',NULL,NULL),('AVD1021',NULL,'female','sheep',NULL,NULL),('AVD1022',NULL,'female','sheep',NULL,NULL),('AVD1023',NULL,'female','sheep',NULL,NULL),('AVD1024',NULL,'female','sheep',NULL,NULL),('AVD1025',NULL,'female','sheep',NULL,NULL),('AVD1026',NULL,'female','sheep',NULL,NULL),('AVD1027',NULL,'female','sheep',NULL,NULL),('AVD1028',NULL,'female','sheep',NULL,NULL),('AVD1029',NULL,'female','sheep',NULL,NULL),('AVD1030',NULL,'female','sheep',NULL,NULL),('AVD1031',NULL,'female','sheep',NULL,NULL),('AVD1032',NULL,'female','sheep',NULL,NULL),('AVD1033',NULL,'female','sheep',NULL,NULL),('AVD1034',NULL,'female','sheep',NULL,NULL),('AVD1035',NULL,'female','sheep',NULL,NULL),('AVD1036',NULL,'male','sheep',NULL,NULL),('AVD1037',NULL,'female','sheep',NULL,NULL),('AVD1038',NULL,'female','sheep',NULL,NULL),('AVD1039',NULL,'female','sheep',NULL,NULL),('AVD1040',NULL,'female','sheep',NULL,NULL);
/*!40000 ALTER TABLE `animals` ENABLE KEYS */;
UNLOCK TABLES;

--
-- Table structure for table `deleted_samples`
--

DROP TABLE IF EXISTS `deleted_samples`;
/*!40101 SET @saved_cs_client     = @@character_set_client */;
/*!40101 SET character_set_client = utf8 */;
CREATE TABLE `deleted_samples` (
  `prefix` varchar(4) NOT NULL DEFAULT '',
  `barcode` varchar(6) NOT NULL DEFAULT '',
  `delete_time` timestamp NOT NULL DEFAULT CURRENT_TIMESTAMP ON UPDATE CURRENT_TIMESTAMP,
  PRIMARY KEY (`prefix`,`barcode`)
) ENGINE=MyISAM DEFAULT CHARSET=utf8;
/*!40101 SET character_set_client = @saved_cs_client */;

--
-- Dumping data for table `deleted_samples`
--

LOCK TABLES `deleted_samples` WRITE;
/*!40000 ALTER TABLE `deleted_samples` DISABLE KEYS */;
INSERT INTO `deleted_samples` VALUES ('BDT','002237','2010-05-11 10:22:48'),('BSR','002304','2010-05-11 10:22:48');
/*!40000 ALTER TABLE `deleted_samples` ENABLE KEYS */;
UNLOCK TABLES;

--
-- Temporary table structure for view `export_animals`
--

DROP TABLE IF EXISTS `export_animals`;
/*!50001 DROP VIEW IF EXISTS `export_animals`*/;
SET @saved_cs_client     = @@character_set_client;
SET character_set_client = utf8;
/*!50001 CREATE TABLE `export_animals` (
  `animal_id` varchar(11),
  `organism` varchar(32),
  `age` varchar(32),
  `sex` enum('female','male'),
  `prev_tag` varchar(15),
  `location` varchar(32),
  `comments` text
) ENGINE=MyISAM */;
SET character_set_client = @saved_cs_client;

--
-- Temporary table structure for view `export_samples`
--

DROP TABLE IF EXISTS `export_samples`;
/*!50001 DROP VIEW IF EXISTS `export_samples`*/;
SET @saved_cs_client     = @@character_set_client;
SET character_set_client = utf8;
/*!50001 CREATE TABLE `export_samples` (
  `label` varchar(40),
  `animal_tag` varchar(10),
  `latitude` double,
  `longtitude` double,
  `altitude` double,
  `timestamp` timestamp,
  `comments` text
) ENGINE=MyISAM */;
SET character_set_client = @saved_cs_client;

--
-- Table structure for table `places`
--

DROP TABLE IF EXISTS `places`;
/*!40101 SET @saved_cs_client     = @@character_set_client */;
/*!40101 SET character_set_client = utf8 */;
CREATE TABLE `places` (
  `name` varchar(50) NOT NULL DEFAULT '',
  `latitude` double DEFAULT NULL,
  `longtitude` double DEFAULT NULL,
  `radius` double DEFAULT NULL,
  PRIMARY KEY (`name`)
) ENGINE=MyISAM DEFAULT CHARSET=utf8;
/*!40101 SET character_set_client = @saved_cs_client */;

--
-- Dumping data for table `places`
--

LOCK TABLES `places` WRITE;
/*!40000 ALTER TABLE `places` DISABLE KEYS */;
INSERT INTO `places` VALUES ('ILRI',-1.269188,36.722015,1);
/*!40000 ALTER TABLE `places` ENABLE KEYS */;
UNLOCK TABLES;

--
-- Table structure for table `sample_types`
--

DROP TABLE IF EXISTS `sample_types`;
/*!40101 SET @saved_cs_client     = @@character_set_client */;
/*!40101 SET character_set_client = utf8 */;
CREATE TABLE `sample_types` (
  `prefix` varchar(3) NOT NULL,
  `description` varchar(50) DEFAULT NULL,
  PRIMARY KEY (`prefix`)
) ENGINE=MyISAM DEFAULT CHARSET=utf8;
/*!40101 SET character_set_client = @saved_cs_client */;

--
-- Dumping data for table `sample_types`
--

LOCK TABLES `sample_types` WRITE;
/*!40000 ALTER TABLE `sample_types` DISABLE KEYS */;
INSERT INTO `sample_types` VALUES ('MSC','Miscellaneous'),('SWB','Swab'),('BDT','EDTA Vacutainer'),('BSR','Dry Vacutainer'),('TCK','Tick'),('BHP','Heparin Vacutainer'),('BGA','<unknown>'),('BFI','<unknown>'),('L8R','Virus in Lysis Buffer'),('VTB','Virus in Transport Buffer'),('FTY','Test sample'),('AVA','avid aliquot'),('LR8','Test sample');
/*!40000 ALTER TABLE `sample_types` ENABLE KEYS */;
UNLOCK TABLES;

--
-- Table structure for table `samples`
--

DROP TABLE IF EXISTS `samples`;
/*!40101 SET @saved_cs_client     = @@character_set_client */;
/*!40101 SET character_set_client = utf8 */;
CREATE TABLE `samples` (
  `prefix` varchar(8) NOT NULL DEFAULT '',
  `barcode` varchar(32) NOT NULL DEFAULT '',
  `tag_read` int(11) DEFAULT NULL,
  `sample_time` timestamp NOT NULL DEFAULT CURRENT_TIMESTAMP,
  `latitude` double DEFAULT NULL,
  `longtitude` double DEFAULT NULL,
  `altitude` double DEFAULT NULL,
  `hdop` float DEFAULT NULL,
  `satellites` int(11) DEFAULT NULL,
  `comment` text,
  PRIMARY KEY (`prefix`,`barcode`),
  KEY `tag` (`tag_read`)
) ENGINE=MyISAM DEFAULT CHARSET=utf8;
/*!40101 SET character_set_client = @saved_cs_client */;

--
-- Dumping data for table `samples`
--

LOCK TABLES `samples` WRITE;
/*!40000 ALTER TABLE `samples` DISABLE KEYS */;
INSERT INTO `samples` VALUES ('BSR','000093',204,'2010-05-11 07:35:49',-1.45301,36.585888,1733.6,0.8,10,''),('BDT','001099',204,'2010-05-11 07:36:00',-1.45301,36.585888,1733.6,1,9,''),('BSR','000106',205,'2010-05-11 07:36:16',-1.45301,36.585888,1733.6,0.8,10,''),('BDT','001108',205,'2010-05-11 07:36:20',-1.45301,36.585888,1733.6,0.8,10,''),('BDT','001033',206,'2010-05-11 07:38:30',-1.45306,36.585888,1734.7,0.8,10,''),('BSR','002315',206,'2010-05-11 07:38:34',-1.45306,36.585888,1734.7,0.8,10,''),('BSR','000073',207,'2010-05-11 07:39:33',-1.45306,36.585888,1734.7,0.8,10,''),('BDT','001034',207,'2010-05-11 07:39:36',-1.45306,36.585888,1734.7,0.8,10,''),('BDT','001100',208,'2010-05-11 07:41:10',-1.45306,36.585888,1734.7,0.8,10,''),('BSR','000070',208,'2010-05-11 07:41:15',-1.45306,36.585888,1734.7,0.8,10,''),('BDT','001023',209,'2010-05-11 07:42:58',-1.45306,36.585888,1734.7,0.8,10,''),('BSR','002317',209,'2010-05-11 07:43:02',-1.45306,36.585888,1734.7,0.8,10,''),('BDT','000897',210,'2010-05-11 07:44:29',-1.45306,36.585888,1734.7,0.8,10,''),('BSR','000602',210,'2010-05-11 07:44:34',-1.45306,36.585888,1734.7,0.8,10,''),('BDT','001013',211,'2010-05-11 07:45:21',-1.45306,36.585888,1734.7,0.8,10,''),('BSR','002366',211,'2010-05-11 07:45:24',-1.45306,36.585888,1734.7,0.8,10,''),('BSR','002043',212,'2010-05-11 07:46:46',-1.45306,36.585888,1734.7,0.8,10,''),('BDT','001101',212,'2010-05-11 07:46:49',-1.45306,36.585888,1734.7,0.8,10,''),('BSR','002359',213,'2010-05-11 07:48:47',-1.45306,36.585888,1734.7,0.8,10,''),('BDT','000918',213,'2010-05-11 07:48:56',-1.45306,36.585888,1734.7,0.8,10,''),('BSR','002395',213,'2010-05-11 07:49:11',-1.45306,36.585888,1734.7,0.8,10,''),('BDT','000951',214,'2010-05-11 07:50:06',-1.45306,36.585888,1734.7,0.8,10,''),('BSR','000961',214,'2010-05-11 07:50:09',-1.45306,36.585888,1734.7,0.8,10,''),('BDT','001035',215,'2010-05-11 07:51:31',-1.45306,36.585888,1734.7,0.8,10,''),('BSR','002369',215,'2010-05-11 07:51:33',-1.45306,36.585888,1734.7,0.8,10,''),('BDT','001024',216,'2010-05-11 07:52:59',-1.45306,36.585888,1734.7,0.8,10,''),('BSR','002259',216,'2010-05-11 07:53:11',-1.45306,36.585888,1734.7,0.8,10,''),('BSR','002364',217,'2010-05-11 07:56:28',-1.45306,36.585888,1734.7,0.9,9,''),('BSR','002370',217,'2010-05-11 07:56:35',-1.45306,36.585888,1734.7,0.9,9,''),('BDT','001014',217,'2010-05-11 07:56:39',-1.45306,36.585888,1734.7,0.9,9,''),('BDT','000924',218,'2010-05-11 07:57:43',-1.45306,36.585888,1734.7,0.9,9,''),('BSR','002371',218,'2010-05-11 07:57:48',-1.45306,36.585888,1734.7,0.9,9,''),('BDT','000923',219,'2010-05-11 07:58:36',-1.45306,36.585888,1734.7,0.9,9,''),('BSR','002303',219,'2010-05-11 07:58:38',-1.45306,36.585888,1734.7,0.9,9,''),('BSR','002362',220,'2010-05-11 07:59:36',-1.45306,36.585888,1734.7,0.9,9,''),('BDT','001102',220,'2010-05-11 07:59:37',-1.45306,36.585888,1734.7,0.9,9,''),('BDT','002228',221,'2010-05-11 08:02:10',-1.45306,36.585888,1734.7,0.9,9,''),('BSR','000579',221,'2010-05-11 08:02:13',-1.45306,36.585888,1734.7,0.9,9,''),('BDT','001178',222,'2010-05-11 08:03:33',-1.45306,36.585888,1734.7,0.9,9,''),('BSR','000596',222,'2010-05-11 08:03:35',-1.45306,36.585888,1734.7,0.9,9,''),('BSR','002360',223,'2010-05-11 08:05:31',-1.45306,36.585888,1734.7,0.9,9,''),('BDT','002221',223,'2010-05-11 08:05:32',-1.45306,36.585888,1734.7,0.9,9,''),('BDT','002227',225,'2010-05-11 08:08:41',-1.45306,36.585888,1734.7,0.9,9,''),('BSR','000068',225,'2010-05-11 08:08:43',-1.45306,36.585888,1734.7,0.9,9,''),('BSR','000104',226,'2010-05-11 08:10:05',-1.45306,36.585888,1734.7,0.9,9,''),('BDT','002226',226,'2010-05-11 08:10:07',-1.45306,36.585888,1734.7,0.9,9,''),('BDT','001994',227,'2010-05-11 08:10:26',-1.45306,36.585888,1734.7,0.9,9,''),('BSR','002363',227,'2010-05-11 08:10:30',-1.45306,36.585888,1734.7,0.9,9,''),('BSR','000601',228,'2010-05-11 08:12:18',-1.45306,36.585888,1734.7,0.9,9,''),('BDT','001139',228,'2010-05-11 08:12:20',-1.45306,36.585888,1734.7,0.9,9,''),('BSR','000100',230,'2010-05-11 08:15:18',-1.45306,36.585888,1734.7,0.7,10,''),('BDT','002223',230,'2010-05-11 08:15:19',-1.45306,36.585888,1734.7,0.7,10,''),('BSR','000982',232,'2010-05-11 08:18:43',-1.45306,36.585888,1734.7,0.7,10,''),('BDT','002225',232,'2010-05-11 08:18:44',-1.45306,36.585888,1734.7,0.7,10,''),('BSR','002368',233,'2010-05-11 08:21:14',-1.45306,36.585888,1734.7,0.7,10,''),('BDT','002222',233,'2010-05-11 08:21:15',-1.45306,36.585888,1734.7,0.7,10,''),('BDT','000905',234,'2010-05-11 08:22:48',-1.45306,36.585888,1734.7,0.7,10,''),('BSR','002381',234,'2010-05-11 08:22:50',-1.45306,36.585888,1734.7,0.7,10,''),('BSR','002305',234,'2010-05-11 08:22:52',-1.45306,36.585888,1734.7,0.7,10,''),('BSR','002374',235,'2010-05-11 08:23:55',-1.45306,36.585888,1734.7,0.7,10,''),('BDT','001995',235,'2010-05-11 08:23:56',-1.45306,36.585888,1734.7,0.7,10,''),('BDT','000911',236,'2010-05-11 08:25:29',-1.45306,36.585888,1734.7,0.7,10,''),('BSR','002387',236,'2010-05-11 08:25:30',-1.45306,36.585888,1734.7,0.7,10,''),('BDT','000952',237,'2010-05-11 08:27:58',-1.45306,36.585888,1734.7,0.7,10,''),('BSR','000110',237,'2010-05-11 08:28:00',-1.45306,36.585888,1734.7,0.7,10,''),('BSR','002377',238,'2010-05-11 08:29:35',-1.45306,36.585888,1734.7,0.7,10,''),('BDT','001036',238,'2010-05-11 08:29:36',-1.45306,36.585888,1734.7,0.7,10,''),('BSR','002361',239,'2010-05-11 08:30:34',-1.45306,36.585888,1734.7,0.7,10,''),('BDT','001025',239,'2010-05-11 08:30:40',-1.45306,36.585888,1734.7,0.7,10,''),('BDT','001015',242,'2010-05-11 08:32:43',-1.45306,36.585888,1734.7,0.8,10,''),('BSR','002367',242,'2010-05-11 08:32:44',-1.45306,36.585888,1734.7,0.8,10,''),('BDT','001103',243,'2010-05-11 08:33:07',-1.45306,36.585888,1734.7,0.8,10,''),('BSR','002378',243,'2010-05-11 08:33:10',-1.45306,36.585888,1734.7,0.8,10,''),('BDT','001093',244,'2010-05-11 08:34:49',-1.45306,36.585888,1734.7,0.8,10,''),('BSR','002384',244,'2010-05-11 08:34:51',-1.45306,36.585888,1734.7,0.8,10,''),('BSR','000102',245,'2010-05-11 08:36:18',-1.45306,36.585888,1734.7,0.8,9,''),('BDT','000942',245,'2010-05-11 08:36:20',-1.45306,36.585888,1734.7,0.8,9,''),('BSR','002379',246,'2010-05-11 08:37:07',-1.45306,36.585888,1734.7,0.8,10,''),('BDT','000898',246,'2010-05-11 08:37:08',-1.45306,36.585888,1734.7,0.8,10,''),('BSR','002321',247,'2010-05-11 08:39:20',-1.45306,36.585888,1734.7,0.8,10,''),('BDT','000945',247,'2010-05-11 08:39:22',-1.45306,36.585888,1734.7,0.8,10,''),('BSR','000075',248,'2010-05-11 08:40:23',-1.45306,36.585888,1734.7,0.8,9,''),('BDT','000899',248,'2010-05-11 08:40:27',-1.45306,36.585888,1734.7,0.8,9,''),('BSR','000580',249,'2010-05-11 08:41:42',-1.45306,36.585888,1734.7,0.8,10,''),('BDT','000935',249,'2010-05-11 08:41:44',-1.45306,36.585888,1734.7,0.8,10,''),('BSR','000077',250,'2010-05-11 08:42:51',-1.45306,36.585888,1734.7,0.8,9,''),('BDT','000950',250,'2010-05-11 08:42:53',-1.45306,36.585888,1734.7,0.8,9,''),('BDT','000912',251,'2010-05-11 08:44:03',-1.45306,36.585888,1734.7,0.8,10,''),('BSR','002355',251,'2010-05-11 08:44:04',-1.45306,36.585888,1734.7,0.8,10,''),('BSR','002372',252,'2010-05-11 08:45:00',-1.45306,36.585888,1734.7,0.8,10,''),('BDT','000943',252,'2010-05-11 08:45:02',-1.45306,36.585888,1734.7,0.8,10,''),('BDT','000922',253,'2010-05-11 08:48:13',-1.45306,36.585888,1734.7,0.8,9,''),('BDT','000900',253,'2010-05-11 08:48:19',-1.45306,36.585888,1734.7,0.8,9,''),('BSR','000086',253,'2010-05-11 08:48:26',-1.45306,36.585888,1734.7,0.8,9,''),('BDT','000933',254,'2010-05-11 08:53:48',-1.45306,36.585888,1734.7,0.8,9,''),('BSR','000107',254,'2010-05-11 08:53:59',-1.45306,36.585888,1734.7,0.8,9,''),('BSR','000062',254,'2010-05-11 08:54:02',-1.45306,36.585888,1734.7,0.8,9,''),('BSR','002353',255,'2010-05-11 08:55:32',-1.45306,36.585888,1734.7,0.8,9,''),('BDT','001026',255,'2010-05-11 08:55:33',-1.45306,36.585888,1734.7,0.8,9,''),('BSR','002390',256,'2010-05-11 08:57:19',-1.45306,36.585888,1734.7,0.8,9,''),('BDT','001104',256,'2010-05-11 08:57:21',-1.45306,36.585888,1734.7,0.8,9,''),('BDT','001016',257,'2010-05-11 08:58:31',-1.45306,36.585888,1734.7,0.8,9,''),('BSR','002389',257,'2010-05-11 08:58:34',-1.45306,36.585888,1734.7,0.8,9,''),('BDT','001094',258,'2010-05-11 09:00:10',-1.45306,36.585888,1734.7,0.8,9,''),('BSR','000581',258,'2010-05-11 09:00:17',-1.45306,36.585888,1734.7,0.8,9,''),('BDT','001105',259,'2010-05-11 09:01:38',-1.45306,36.585888,1734.7,0.8,9,''),('BSR','000456',259,'2010-05-11 09:01:40',-1.45306,36.585888,1734.7,0.8,9,''),('BSR','002258',260,'2010-05-11 09:04:04',-1.45306,36.585888,1734.7,0.8,9,''),('BDT','000949',260,'2010-05-11 09:04:07',-1.45306,36.585888,1734.7,0.8,9,''),('BDT','000946',261,'2010-05-11 09:05:01',-1.45306,36.585888,1734.7,0.8,9,''),('BSR','002260',261,'2010-05-11 09:05:03',-1.45306,36.585888,1734.7,0.8,9,''),('BSR','002386',262,'2010-05-11 09:06:20',-1.45306,36.585888,1734.7,0.8,9,''),('BDT','000913',262,'2010-05-11 09:06:22',-1.45306,36.585888,1734.7,0.8,9,''),('BSR','002391',263,'2010-05-11 09:08:39',-1.45306,36.585888,1734.7,0.9,8,''),('BDT','000921',263,'2010-05-11 09:08:43',-1.45306,36.585888,1734.7,0.9,8,''),('BDT','000947',264,'2010-05-11 09:11:00',-1.45306,36.585888,1734.7,0.9,8,''),('BSR','002257',264,'2010-05-11 09:11:02',-1.45306,36.585888,1734.7,0.9,8,''),('BDT','001027',265,'2010-05-11 09:12:12',-1.45306,36.585888,1734.7,0.9,8,''),('BSR','002252',265,'2010-05-11 09:12:13',-1.45306,36.585888,1734.7,0.9,8,''),('BSR','002251',267,'2010-05-11 09:13:42',-1.45306,36.585888,1734.7,0.9,8,''),('BDT','001017',267,'2010-05-11 09:13:44',-1.45306,36.585888,1734.7,0.9,8,''),('BDT','000914',268,'2010-05-11 09:17:01',-1.45306,36.585888,1734.7,0.9,8,''),('BSR','002388',268,'2010-05-11 09:17:04',-1.45306,36.585888,1734.7,0.9,8,''),('BDT','000926',269,'2010-05-11 09:19:20',-1.45306,36.585888,1734.7,0.9,8,''),('BSR','000971',269,'2010-05-11 09:19:22',-1.45306,36.585888,1734.7,0.9,8,''),('BDT','000941',270,'2010-05-11 09:26:41',-1.45306,36.585888,1734.7,0.8,9,''),('BSR','002351',270,'2010-05-11 09:26:42',-1.45306,36.585888,1734.7,0.8,9,''),('BDT','000932',271,'2010-05-11 09:27:56',-1.45306,36.585888,1734.7,0.8,9,''),('BSR','002385',271,'2010-05-11 09:28:02',-1.45306,36.585888,1734.7,0.8,9,''),('BDT','000927',272,'2010-05-11 09:29:06',-1.45306,36.585888,1734.7,0.8,9,''),('BSR','002392',272,'2010-05-11 09:29:08',-1.45306,36.585888,1734.7,0.8,9,''),('BSR','002253',273,'2010-05-11 09:30:02',-1.45306,36.585888,1734.7,0.8,9,''),('BDT','000944',273,'2010-05-11 09:30:03',-1.45306,36.585888,1734.7,0.8,9,''),('BSR','000960',274,'2010-05-11 09:31:03',-1.45306,36.585888,1734.7,0.8,9,''),('BDT','000938',274,'2010-05-11 09:31:04',-1.45306,36.585888,1734.7,0.8,9,''),('BDT','000920',275,'2010-05-11 09:32:07',-1.45306,36.585888,1734.7,0.8,9,''),('BSR','002313',275,'2010-05-11 09:32:08',-1.45306,36.585888,1734.7,0.8,9,''),('BDT','000904',276,'2010-05-11 09:33:22',-1.45306,36.585888,1734.7,0.8,9,''),('BSR','000981',276,'2010-05-11 09:33:24',-1.45306,36.585888,1734.7,0.8,9,''),('BSR','002316',277,'2010-05-11 09:35:16',-1.45306,36.585888,1734.7,0.8,9,''),('BDT','000915',277,'2010-05-11 09:35:18',-1.45306,36.585888,1734.7,0.8,9,''),('BDT','001032',278,'2010-05-11 09:36:26',-1.45306,36.585888,1734.7,0.8,9,''),('BSR','002383',278,'2010-05-11 09:36:30',-1.45306,36.585888,1734.7,0.8,9,''),('BSR','002393',279,'2010-05-11 09:37:22',-1.45306,36.585888,1734.7,0.8,9,''),('BDT','001018',279,'2010-05-11 09:37:24',-1.45306,36.585888,1734.7,0.8,9,''),('BSR','002376',280,'2010-05-11 09:38:21',-1.45306,36.585888,1734.7,0.8,9,''),('BDT','000909',280,'2010-05-11 09:38:23',-1.45306,36.585888,1734.7,0.8,9,''),('BSR','002256',281,'2010-05-11 09:39:26',-1.45306,36.585888,1734.7,0.8,9,''),('BDT','000919',281,'2010-05-11 09:39:34',-1.45306,36.585888,1734.7,0.8,9,''),('BDT','001028',282,'2010-05-11 09:40:14',-1.45306,36.585888,1734.7,0.8,9,''),('BSR','002322',282,'2010-05-11 09:40:16',-1.45306,36.585888,1734.7,0.8,9,''),('BDT','001095',283,'2010-05-11 09:41:23',-1.45306,36.585888,1734.7,0.8,9,''),('BSR','002325',283,'2010-05-11 09:41:28',-1.45306,36.585888,1734.7,0.8,9,''),('BDT','000937',285,'2010-05-11 09:43:33',-1.45306,36.585888,1734.7,0.9,10,''),('BSR','002394',285,'2010-05-11 09:43:37',-1.45306,36.585888,1734.7,0.9,10,''),('BDT','001019',286,'2010-05-11 09:43:57',-1.45306,36.585888,1734.7,0.7,11,''),('BSR','000076',286,'2010-05-11 09:43:59',-1.45306,36.585888,1734.7,0.7,11,''),('BSR','002254',287,'2010-05-11 09:45:42',-1.45306,36.585888,1734.7,0.7,11,''),('BDT','000903',287,'2010-05-11 09:45:45',-1.45306,36.585888,1734.7,0.7,11,''),('BSR','002382',288,'2010-05-11 09:48:07',-1.45306,36.585888,1734.7,0.9,10,''),('BDT','001106',288,'2010-05-11 09:48:09',-1.45306,36.585888,1734.7,0.9,10,''),('BDT','000906',289,'2010-05-11 09:49:04',-1.45306,36.585888,1734.7,0.9,10,''),('BSR','002302',289,'2010-05-11 09:49:04',-1.45306,36.585888,1734.7,0.9,10,''),('BSR','002324',290,'2010-05-11 09:50:29',-1.45306,36.585888,1734.7,0.9,10,''),('BDT','000931',290,'2010-05-11 09:50:31',-1.45306,36.585888,1734.7,0.9,10,''),('BSR','002036',291,'2010-05-11 09:51:58',-1.45306,36.585888,1734.7,0.9,10,''),('BDT','001096',291,'2010-05-11 09:52:01',-1.45306,36.585888,1734.7,0.9,10,''),('BDT','001029',292,'2010-05-11 09:52:48',-1.45306,36.585888,1734.7,0.9,10,''),('BSR','002396',292,'2010-05-11 09:52:51',-1.45306,36.585888,1734.7,0.9,10,''),('BDT','000916',293,'2010-05-11 09:54:07',-1.45306,36.585888,1734.7,0.7,11,''),('BSR','002255',293,'2010-05-11 09:54:09',-1.45306,36.585888,1734.7,0.7,11,''),('BDT','000930',294,'2010-05-11 09:55:43',-1.45306,36.585888,1734.7,0.7,11,''),('BSR','002307',294,'2010-05-11 09:55:45',-1.45306,36.585888,1734.7,0.7,11,''),('BSR','000980',295,'2010-05-11 09:56:13',-1.45306,36.585888,1734.7,0.7,11,''),('BDT','001097',295,'2010-05-11 09:56:15',-1.45306,36.585888,1734.7,0.7,11,''),('BSR','002375',296,'2010-05-11 09:57:48',-1.45306,36.585888,1734.7,0.9,10,''),('BDT','001098',296,'2010-05-11 09:57:50',-1.45306,36.585888,1734.7,0.9,10,''),('BDT','001022',297,'2010-05-11 09:58:47',-1.45306,36.585888,1734.7,0.9,10,''),('BSR','002050',297,'2010-05-11 09:58:50',-1.45306,36.585888,1734.7,0.9,10,''),('BDT','000939',298,'2010-05-11 09:59:45',-1.45306,36.585888,1734.7,0.7,11,''),('BSR','002380',298,'2010-05-11 09:59:46',-1.45306,36.585888,1734.7,0.7,11,''),('BDT','000936',300,'2010-05-11 10:01:19',-1.45306,36.585888,1734.7,0.8,10,''),('BSR','002354',300,'2010-05-11 10:01:22',-1.45306,36.585888,1734.7,0.8,10,''),('BDT','000907',301,'2010-05-11 10:02:20',-1.45306,36.585888,1734.7,0.8,10,''),('BSR','002306',301,'2010-05-11 10:02:22',-1.45306,36.585888,1734.7,0.8,10,''),('BDT','001009',302,'2010-05-11 10:03:28',-1.45306,36.585888,1734.7,0.8,10,''),('BSR','002397',302,'2010-05-11 10:03:30',-1.45306,36.585888,1734.7,0.8,10,''),('BDT','000940',303,'2010-05-11 10:04:32',-1.45306,36.585888,1734.7,0.8,10,''),('BSR','002356',303,'2010-05-11 10:04:33',-1.45306,36.585888,1734.7,0.8,10,''),('BDT','001012',304,'2010-05-11 10:05:28',-1.45306,36.585888,1734.7,0.8,10,''),('BSR','002358',304,'2010-05-11 10:05:30',-1.45306,36.585888,1734.7,0.8,10,''),('BSR','002357',305,'2010-05-11 10:06:35',-1.45306,36.585888,1734.7,0.8,10,''),('BDT','000948',305,'2010-05-11 10:06:37',-1.45306,36.585888,1734.7,0.8,10,''),('BSR','002365',306,'2010-05-11 10:07:38',-1.45306,36.585888,1734.7,0.8,10,''),('BDT','000902',306,'2010-05-11 10:07:40',-1.45306,36.585888,1734.7,0.8,10,''),('BSR','002318',307,'2010-05-11 10:08:41',-1.45306,36.585888,1734.7,0.8,10,''),('BDT','001031',307,'2010-05-11 10:09:09',-1.45306,36.585888,1734.7,0.8,10,''),('BSR','000968',308,'2010-05-11 10:09:45',-1.45306,36.585888,1734.7,0.8,10,''),('BDT','001030',308,'2010-05-11 10:09:48',-1.45306,36.585888,1734.7,0.8,10,''),('BDT','001020',309,'2010-05-11 10:10:49',-1.45306,36.585888,1734.7,0.8,10,''),('BSR','000964',309,'2010-05-11 10:10:51',-1.45306,36.585888,1734.7,0.8,10,''),('BDT','000928',310,'2010-05-11 10:12:01',-1.45306,36.585888,1734.7,0.8,10,''),('BSR','000974',310,'2010-05-11 10:12:03',-1.45306,36.585888,1734.7,0.8,10,''),('BSR','002311',311,'2010-05-11 10:13:36',-1.45306,36.585888,1734.7,0.8,10,''),('BDT','001021',311,'2010-05-11 10:13:38',-1.45306,36.585888,1734.7,0.8,10,''),('BSR','000962',312,'2010-05-11 10:15:55',-1.45306,36.585888,1734.7,0.8,10,''),('BDT','001011',312,'2010-05-11 10:15:58',-1.45306,36.585888,1734.7,0.8,10,''),('BSR','001026',313,'2010-05-11 10:16:35',-1.45306,36.585888,1734.7,0.8,10,''),('BDT','002232',313,'2010-05-11 10:16:37',-1.45306,36.585888,1734.7,0.8,10,''),('BDT','002236',314,'2010-05-11 10:17:30',-1.45306,36.585888,1734.7,0.8,10,''),('BSR','001040',314,'2010-05-11 10:17:32',-1.45306,36.585888,1734.7,0.8,10,''),('BSR','001997',317,'2010-05-11 10:19:31',-1.45306,36.585888,1734.7,0.8,10,''),('BDT','002231',317,'2010-05-11 10:19:35',-1.45306,36.585888,1734.7,0.8,10,''),('BDT','002237',318,'2010-05-11 10:19:57',-1.45306,36.585888,1734.7,0.8,10,''),('BSR','002304',318,'2010-05-11 10:19:59',-1.45306,36.585888,1734.7,0.8,10,''),('BDT','002229',319,'2010-05-11 10:22:21',-1.45306,36.585888,1734.7,0.8,10,''),('BSR','002398',319,'2010-05-11 10:22:23',-1.45306,36.585888,1734.7,0.8,10,''),('BDT','002233',320,'2010-05-11 10:23:58',-1.45306,36.585888,1734.7,0.8,10,''),('BSR','002310',320,'2010-05-11 10:24:01',-1.45306,36.585888,1734.7,0.8,10,''),('BDT','002235',321,'2010-05-11 10:25:07',-1.45306,36.585888,1734.7,0.8,10,''),('BSR','002399',321,'2010-05-11 10:25:09',-1.45306,36.585888,1734.7,0.8,10,''),('BDT','000908',322,'2010-05-11 13:09:44',-0.8135,36.388706,1819.9,0.9,9,''),('BSR','002269',322,'2010-05-11 13:09:47',-0.8135,36.388706,1819.9,0.9,9,''),('BSR','002265',322,'2010-05-11 13:09:50',-0.8135,36.388706,1819.9,0.9,9,''),('BDT','000929',323,'2010-05-11 13:10:15',-0.8135,36.388706,1819.9,0.9,9,''),('BSR','002270',323,'2010-05-11 13:10:16',-0.8135,36.388706,1819.9,0.9,9,''),('L8R','000082',325,'2010-05-11 13:11:40',-0.8135,36.388706,1819.9,0.9,9,'oral swab'),('BSR','002264',326,'2010-05-11 13:12:17',-0.8135,36.388706,1819.9,0.9,9,''),('BDT','002230',326,'2010-05-11 13:12:18',-0.8135,36.388706,1819.9,0.9,9,''),('L8R','000081',326,'2010-05-11 13:13:20',-0.8135,36.388706,1819.9,0.9,9,'oral swab'),('BDT','001107',327,'2010-05-11 13:14:06',-0.8135,36.388706,1819.9,0.8,10,''),('BSR','002268',327,'2010-05-11 13:14:08',-0.8135,36.388706,1819.9,0.8,10,''),('L8R','000071',327,'2010-05-11 13:15:20',-0.8135,36.388706,1819.9,0.8,9,'oral swab'),('BSR','002271',328,'2010-05-11 13:16:06',-0.8135,36.388706,1819.9,0.8,10,''),('BDT','002250',328,'2010-05-11 13:16:14',-0.8135,36.388706,1819.9,0.8,10,''),('L8R','000072',328,'2010-05-11 13:17:07',-0.8135,36.388706,1819.9,0.8,10,'oral swab'),('BSR','002289',329,'2010-05-11 13:18:22',-0.8135,36.388706,1819.9,0.8,10,''),('BDT','002245',329,'2010-05-11 13:18:34',-0.8135,36.388706,1819.9,0.8,9,''),('L8R','000073',329,'2010-05-11 13:18:57',-0.8135,36.388706,1819.9,0.8,10,'oral swab'),('BSR','002280',330,'2010-05-11 13:21:56',-0.8135,36.388706,1819.9,0.8,10,''),('BDT','002244',330,'2010-05-11 13:22:00',-0.8135,36.388706,1819.9,0.8,10,''),('BSR','002276',331,'2010-05-11 13:23:12',-0.8135,36.388706,1819.9,0.8,10,''),('BDT','002251',331,'2010-05-11 13:23:13',-0.8135,36.388706,1819.9,0.8,9,''),('L8R','000061',331,'2010-05-11 13:24:21',-0.8135,36.388706,1819.9,0.8,9,'oral swab'),('BSR','002286',332,'2010-05-11 13:24:56',-0.8135,36.388706,1819.9,0.8,8,''),('BDT','002239',332,'2010-05-11 13:24:57',-0.8135,36.388706,1819.9,0.8,8,''),('L8R','000062',333,'2010-05-11 13:28:32',-0.8135,36.388706,1819.9,0.7,9,'nasal swab'),('L8R','000063',333,'2010-05-11 13:28:33',-0.8135,36.388706,1819.9,0.7,9,'oral swab'),('BSR','002261',334,'2010-05-11 13:28:53',-0.8135,36.388706,1819.9,0.8,8,''),('BDT','002243',334,'2010-05-11 13:28:54',-0.8135,36.388706,1819.9,0.8,8,''),('L8R','000074',334,'2010-05-11 13:29:19',-0.8135,36.388706,1819.9,0.7,9,'oral swab'),('BDT','002253',335,'2010-05-11 13:30:38',-0.8135,36.388706,1819.9,0.7,9,''),('BSR','002267',335,'2010-05-11 13:30:52',-0.8135,36.388706,1819.9,0.8,8,''),('L8R','000064',335,'2010-05-11 13:33:09',-0.8135,36.388706,1819.9,0.7,9,'oral swab'),('BSR','002400',336,'2010-05-11 13:33:47',-0.8135,36.388706,1819.9,0.7,9,''),('BDT','000910',336,'2010-05-11 13:33:49',-0.8135,36.388706,1819.9,0.7,9,''),('L8R','000075',336,'2010-05-11 13:34:33',-0.8135,36.388706,1819.9,0.8,8,'oral swab'),('BSR','002285',337,'2010-05-11 13:35:41',-0.8135,36.388706,1819.9,0.8,8,''),('BDT','001010',337,'2010-05-11 13:35:42',-0.8135,36.388706,1819.9,0.8,8,''),('L8R','000065',337,'2010-05-11 13:36:39',-0.8135,36.388706,1819.9,0.8,9,'oral swab'),('BSR','002282',338,'2010-05-11 13:38:26',-0.8135,36.388706,1819.9,0.8,8,''),('BDT','000917',338,'2010-05-11 13:38:28',-0.8135,36.388706,1819.9,0.8,8,''),('L8R','000076',338,'2010-05-11 13:39:38',-0.8135,36.388706,1819.9,0.8,8,'oral swab'),('BSR','002274',339,'2010-05-11 13:40:31',-0.8135,36.388706,1819.9,0.7,9,''),('BDT','002252',339,'2010-05-11 13:40:32',-0.8135,36.388706,1819.9,0.7,9,''),('L8R','000066',339,'2010-05-11 13:41:48',-0.8135,36.388706,1819.9,0.8,9,'oral swab'),('BSR','002287',340,'2010-05-11 13:42:44',-0.8135,36.388706,1819.9,0.7,9,''),('BDT','002255',340,'2010-05-11 13:42:46',-0.8135,36.388706,1819.9,0.7,9,''),('BSR','002273',341,'2010-05-11 13:44:02',-0.8135,36.388706,1819.9,0.7,9,''),('BDT','002234',341,'2010-05-11 13:44:03',-0.8135,36.388706,1819.9,0.7,9,''),('L8R','000077',342,'2010-05-11 13:46:00',-0.8135,36.388706,1819.9,0.7,10,'oral swab'),('BSR','002288',343,'2010-05-11 13:46:17',-0.8135,36.388706,1819.9,0.7,10,''),('BDT','002248',343,'2010-05-11 13:46:20',-0.8135,36.388706,1819.9,0.7,10,''),('L8R','000067',343,'2010-05-11 13:46:53',-0.8135,36.388706,1819.9,0.7,9,'oral swab'),('BSR','000969',344,'2010-05-11 13:47:14',-0.8135,36.388706,1819.9,0.7,9,''),('BDT','002249',344,'2010-05-11 13:47:17',-0.8135,36.388706,1819.9,0.7,9,''),('L8R','000078',344,'2010-05-11 13:49:18',-0.8135,36.388706,1819.9,0.7,9,'nasal swab'),('L8R','000079',344,'2010-05-11 13:49:21',-0.8135,36.388706,1819.9,0.7,9,'oral swab'),('BDT','002242',345,'2010-05-11 13:49:56',-0.8135,36.388706,1819.9,0.7,9,''),('BSR','002283',345,'2010-05-11 13:50:21',-0.8135,36.388706,1819.9,0.7,10,''),('BSR','002272',345,'2010-05-11 13:50:23',-0.8135,36.388706,1819.9,0.7,10,''),('L8R','000069',345,'2010-05-11 13:52:23',-0.8135,36.388706,1819.9,0.7,10,'oral swab'),('L8R','000068',345,'2010-05-11 13:52:25',-0.8135,36.388706,1819.9,0.7,10,'nasal swab');
/*!40000 ALTER TABLE `samples` ENABLE KEYS */;
UNLOCK TABLES;

--
-- Table structure for table `tag_reads`
--

DROP TABLE IF EXISTS `tag_reads`;
/*!40101 SET @saved_cs_client     = @@character_set_client */;
/*!40101 SET character_set_client = utf8 */;
CREATE TABLE `tag_reads` (
  `id` int(11) NOT NULL AUTO_INCREMENT,
  `rfid` varchar(10) DEFAULT NULL,
  `read_time` timestamp NOT NULL DEFAULT CURRENT_TIMESTAMP ON UPDATE CURRENT_TIMESTAMP,
  `latitude` double DEFAULT NULL,
  `longtitude` double DEFAULT NULL,
  `altitude` double DEFAULT NULL,
  `satellites` int(11) DEFAULT NULL,
  `hdop` float DEFAULT NULL,
  PRIMARY KEY (`id`),
  KEY `rfid` (`rfid`)
) ENGINE=MyISAM AUTO_INCREMENT=346 DEFAULT CHARSET=utf8;
/*!40101 SET character_set_client = @saved_cs_client */;

--
-- Dumping data for table `tag_reads`
--

LOCK TABLES `tag_reads` WRITE;
/*!40000 ALTER TABLE `tag_reads` DISABLE KEYS */;
INSERT INTO `tag_reads` VALUES (204,'avd499','2010-05-11 07:34:37',-1.45286,36.585903,1735.2,10,0.8),(205,'avd469','2010-05-11 07:36:10',-1.45301,36.585888,1733.6,10,0.8),(206,'AVD495','2010-05-11 07:38:14',-1.45306,36.585888,1734.7,10,0.8),(207,'AVD485','2010-05-11 07:39:11',-1.45306,36.585888,1734.7,10,0.8),(208,'AVD483','2010-05-11 07:39:56',-1.45306,36.585888,1734.7,10,0.8),(209,'avd492','2010-05-11 07:42:52',-1.45306,36.585888,1734.7,10,0.8),(210,'AVD472','2010-05-11 07:43:33',-1.45306,36.585888,1734.7,10,0.8),(211,'AVD461','2010-05-11 07:44:41',-1.45306,36.585888,1734.7,10,0.8),(212,'AVD498','2010-05-11 07:45:49',-1.45306,36.585888,1734.7,10,0.8),(213,'AVD507','2010-05-11 07:47:40',-1.45306,36.585888,1734.7,10,0.8),(214,'AVD468','2010-05-11 07:49:35',-1.45306,36.585888,1734.7,10,0.8),(215,'AVD501','2010-05-11 07:50:38',-1.45306,36.585888,1734.7,10,0.8),(216,'AVD502','2010-05-11 07:52:11',-1.45306,36.585888,1734.7,9,0.9),(217,'AVD514','2010-05-11 07:56:13',-1.45306,36.585888,1734.7,9,0.9),(218,'AVD512','2010-05-11 07:57:06',-1.45306,36.585888,1734.7,9,0.9),(219,'AVD482','2010-05-11 07:58:03',-1.45306,36.585888,1734.7,9,0.9),(220,'AVD509','2010-05-11 07:59:19',-1.45306,36.585888,1734.7,9,0.9),(221,'AVD478','2010-05-11 08:00:03',-1.45306,36.585888,1734.7,9,0.9),(222,'AVD494','2010-05-11 08:02:43',-1.45306,36.585888,1734.7,9,0.9),(223,'AVD460','2010-05-11 08:05:12',-1.45306,36.585888,1734.7,9,0.9),(224,'AVD505','2010-05-11 08:05:42',-1.45306,36.585888,1734.7,9,0.9),(225,'AVD459','2010-05-11 08:08:14',-1.45306,36.585888,1734.7,9,0.9),(226,'AVD470','2010-05-11 08:08:53',-1.45306,36.585888,1734.7,9,0.9),(227,'avd505','2010-05-11 08:10:21',-1.45306,36.585888,1734.7,9,0.9),(228,'AVD489','2010-05-11 08:10:36',-1.45306,36.585888,1734.7,9,0.9),(229,'AVD493','2010-05-11 08:12:39',-1.45306,36.585888,1734.7,9,0.9),(230,'avd493','2010-05-11 08:15:12',-1.45306,36.585888,1734.7,10,0.7),(231,'AVD491','2010-05-11 08:15:30',-1.45306,36.585888,1734.7,10,0.7),(232,'AVD466','2010-05-11 08:17:46',-1.45306,36.585888,1734.7,10,0.7),(233,'AVD480','2010-05-11 08:19:02',-1.45306,36.585888,1734.7,10,0.7),(234,'AVD503','2010-05-11 08:22:16',-1.45306,36.585888,1734.7,10,0.7),(235,'AVD477','2010-05-11 08:23:12',-1.45306,36.585888,1734.7,10,0.7),(236,'AVD473','2010-05-11 08:24:06',-1.45306,36.585888,1734.7,10,0.7),(237,'AVD457','2010-05-11 08:25:36',-1.45306,36.585888,1734.7,10,0.7),(238,'AVD475','2010-05-11 08:28:15',-1.45306,36.585888,1734.7,10,0.7),(239,'AVD508','2010-05-11 08:29:48',-1.45306,36.585888,1734.7,10,0.7),(240,'AVD504','2010-05-11 08:30:57',-1.45306,36.585888,1734.7,10,0.7),(241,'AVD510','2010-05-11 08:32:30',-1.45306,36.585888,1734.7,10,0.8),(242,'avd504','2010-05-11 08:32:39',-1.45306,36.585888,1734.7,10,0.8),(243,'avd510','2010-05-11 08:32:50',-1.45306,36.585888,1734.7,10,0.8),(244,'AVD511','2010-05-11 08:33:56',-1.45306,36.585888,1734.7,10,0.8),(245,'AVD500','2010-05-11 08:35:05',-1.45306,36.585888,1734.7,10,0.8),(246,'AVD487','2010-05-11 08:36:40',-1.45306,36.585888,1734.7,10,0.8),(247,'AVD476','2010-05-11 08:37:24',-1.45306,36.585888,1734.7,10,0.8),(248,'AVD462','2010-05-11 08:39:30',-1.45306,36.585888,1734.7,10,0.8),(249,'AVD488','2010-05-11 08:40:37',-1.45306,36.585888,1734.7,10,0.8),(250,'AVD465','2010-05-11 08:42:05',-1.45306,36.585888,1734.7,10,0.8),(251,'AVD474','2010-05-11 08:43:08',-1.45306,36.585888,1734.7,10,0.8),(252,'AVD486','2010-05-11 08:44:19',-1.45306,36.585888,1734.7,10,0.8),(253,'AVD479','2010-05-11 08:46:05',-1.45306,36.585888,1734.7,10,0.8),(254,'avd559','2010-05-11 08:52:26',-1.45306,36.585888,1734.7,9,0.8),(255,'AVD484','2010-05-11 08:54:14',-1.45306,36.585888,1734.7,9,0.8),(256,'AVD490','2010-05-11 08:56:23',-1.45306,36.585888,1734.7,9,0.8),(257,'AVD471','2010-05-11 08:57:38',-1.45306,36.585888,1734.7,9,0.8),(258,'AVD469','2010-05-11 08:59:03',-1.45306,36.585888,1734.7,9,0.8),(259,'AVD506','2010-05-11 09:00:28',-1.45306,36.585888,1734.7,9,0.8),(260,'AVD467','2010-05-11 09:02:09',-1.45306,36.585888,1734.7,9,0.8),(261,'AVD464','2010-05-11 09:04:29',-1.45306,36.585888,1734.7,9,0.8),(262,'AVD496','2010-05-11 09:05:23',-1.45306,36.585888,1734.7,9,0.8),(263,'AVD458','2010-05-11 09:07:25',-1.45306,36.585888,1734.7,8,0.9),(264,'avd560','2010-05-11 09:10:57',-1.45306,36.585888,1734.7,8,0.9),(265,'AVD456','2010-05-11 09:11:19',-1.45306,36.585888,1734.7,8,0.9),(266,'avd491','2010-05-11 09:12:21',-1.45306,36.585888,1734.7,8,0.9),(267,'AVD491','2010-05-11 09:12:45',-1.45306,36.585888,1734.7,8,0.9),(268,'avd561','2010-05-11 09:16:56',-1.45306,36.585888,1734.7,8,0.9),(269,'AVD562','2010-05-11 09:17:49',-1.45306,36.585888,1734.7,8,0.9),(270,'AVD436','2010-05-11 09:26:09',-1.45306,36.585888,1734.7,9,0.8),(271,'AVD429','2010-05-11 09:27:23',-1.45306,36.585888,1734.7,9,0.8),(272,'AVD414','2010-05-11 09:28:15',-1.45306,36.585888,1734.7,9,0.8),(273,'AVD442','2010-05-11 09:29:16',-1.45306,36.585888,1734.7,9,0.8),(274,'AVD419','2010-05-11 09:30:24',-1.45306,36.585888,1734.7,9,0.8),(275,'AVD430','2010-05-11 09:31:21',-1.45306,36.585888,1734.7,9,0.8),(276,'AVD417','2010-05-11 09:32:25',-1.45306,36.585888,1734.7,9,0.8),(277,'AVD440','2010-05-11 09:34:30',-1.45306,36.585888,1734.7,9,0.8),(278,'AVD421','2010-05-11 09:35:35',-1.45306,36.585888,1734.7,9,0.8),(279,'AVD411','2010-05-11 09:36:35',-1.45306,36.585888,1734.7,9,0.8),(280,'AVD424','2010-05-11 09:37:54',-1.45306,36.585888,1734.7,9,0.8),(281,'AVD433','2010-05-11 09:38:42',-1.45306,36.585888,1734.7,9,0.8),(282,'AVD410','2010-05-11 09:39:56',-1.45306,36.585888,1734.7,9,0.8),(283,'AVD443','2010-05-11 09:41:04',-1.45306,36.585888,1734.7,9,0.8),(284,'AVD563','2010-05-11 09:42:35',-1.45306,36.585888,1734.7,9,0.8),(285,'avd563','2010-05-11 09:43:29',-1.45306,36.585888,1734.7,10,0.9),(286,'avd434','2010-05-11 09:43:50',-1.45306,36.585888,1734.7,11,0.7),(287,'avd564','2010-05-11 09:44:32',-1.45306,36.585888,1734.7,11,0.7),(288,'AVD427','2010-05-11 09:47:42',-1.45306,36.585888,1734.7,10,0.9),(289,'AVD445','2010-05-11 09:48:21',-1.45306,36.585888,1734.7,10,0.9),(290,'AVD413','2010-05-11 09:49:20',-1.45306,36.585888,1734.7,10,0.9),(291,'AVD420','2010-05-11 09:50:57',-1.45306,36.585888,1734.7,9,0.9),(292,'AVD439','2010-05-11 09:52:18',-1.45306,36.585888,1734.7,10,0.9),(293,'AVD448','2010-05-11 09:53:26',-1.45306,36.585888,1734.7,11,0.7),(294,'AVD455','2010-05-11 09:54:54',-1.45306,36.585888,1734.7,11,0.7),(295,'AVD441','2010-05-11 09:55:55',-1.45306,36.585888,1734.7,11,0.7),(296,'AVD412','2010-05-11 09:56:44',-1.45306,36.585888,1734.7,11,0.7),(297,'AVD409','2010-05-11 09:58:22',-1.45306,36.585888,1734.7,10,0.9),(298,'AVD449','2010-05-11 09:59:10',-1.45306,36.585888,1734.7,11,0.7),(299,'AVD565','2010-05-11 10:00:04',-1.45306,36.585888,1734.7,11,0.7),(300,'avd565','2010-05-11 10:01:15',-1.45306,36.585888,1734.7,10,0.8),(301,'AVD566','2010-05-11 10:02:04',-1.45306,36.585888,1734.7,10,0.8),(302,'AVD432','2010-05-11 10:03:06',-1.45306,36.585888,1734.7,10,0.8),(303,'AVD438','2010-05-11 10:03:57',-1.45306,36.585888,1734.7,10,0.8),(304,'AVD428','2010-05-11 10:04:56',-1.45306,36.585888,1734.7,10,0.8),(305,'avd416','2010-05-11 10:06:05',-1.45306,36.585888,1734.7,10,0.8),(306,'AVD435','2010-05-11 10:06:55',-1.45306,36.585888,1734.7,10,0.8),(307,'AVD437','2010-05-11 10:07:55',-1.45306,36.585888,1734.7,10,0.8),(308,'AVD423','2010-05-11 10:09:22',-1.45306,36.585888,1734.7,10,0.8),(309,'avd453','2010-05-11 10:10:19',-1.45306,36.585888,1734.7,10,0.8),(310,'AVD447','2010-05-11 10:11:07',-1.45306,36.585888,1734.7,10,0.8),(311,'AVD450','2010-05-11 10:12:48',-1.45306,36.585888,1734.7,10,0.8),(312,'AVD452','2010-05-11 10:14:59',-1.45306,36.585888,1734.7,10,0.8),(313,'avd451','2010-05-11 10:16:12',-1.45306,36.585888,1734.7,10,0.8),(314,'AVD446','2010-05-11 10:16:58',-1.45306,36.585888,1734.7,10,0.8),(315,'AVD454','2010-05-11 10:17:43',-1.45306,36.585888,1734.7,10,0.8),(316,'AVD567','2010-05-11 10:19:16',-1.45306,36.585888,1734.7,10,0.8),(317,'avd454','2010-05-11 10:19:29',-1.45306,36.585888,1734.7,10,0.8),(318,'avd567','2010-05-11 10:19:53',-1.45306,36.585888,1734.7,10,0.8),(319,'AVD444','2010-05-11 10:21:31',-1.45306,36.585888,1734.7,10,0.8),(320,'AVD567','2010-05-11 10:23:37',-1.45306,36.585888,1734.7,10,0.8),(321,'AVD568','2010-05-11 10:24:23',-1.45306,36.585888,1734.7,10,0.8),(322,'AVD1021','2010-04-05 02:07:56',-0.8135,36.388706,1819.9,9,0.9),(323,'AVD1022','2010-04-05 02:08:24',-0.8135,36.388706,1819.9,9,0.9),(324,'AVD1023','2010-04-05 02:08:31',-0.8135,36.388706,1819.9,9,0.9),(325,'AVD1022','2010-04-05 02:08:24',-0.8135,36.388706,1819.9,9,0.9),(326,'AVD1023','2010-04-05 02:08:31',-0.8135,36.388706,1819.9,9,0.9),(327,'AVD1024','2010-04-05 02:08:35',-0.8135,36.388706,1819.9,10,0.8),(328,'AVD1025','2010-04-05 02:08:39',-0.8135,36.388706,1819.9,9,0.8),(329,'AVD1026','2010-04-05 02:08:43',-0.8135,36.388706,1819.9,10,0.8),(330,'AVD1027','2010-04-05 02:08:47',-0.8135,36.388706,1819.9,10,0.8),(331,'AVD1028','2010-04-05 02:08:51',-0.8135,36.388706,1819.9,10,0.8),(332,'AVD1029','2010-04-05 02:08:54',-0.8135,36.388706,1819.9,9,0.8),(333,'AVD1029','2010-04-05 02:08:54',-0.8135,36.388706,1819.9,8,0.8),(334,'AVD1030','2010-04-05 02:09:00',-0.8135,36.388706,1819.9,8,0.8),(335,'AVD1031','2010-04-05 02:09:03',-0.8135,36.388706,1819.9,9,0.7),(336,'AVD1032','2010-04-05 02:09:06',-0.8135,36.388706,1819.9,9,0.7),(337,'AVD1033','2010-04-05 02:09:10',-0.8135,36.388706,1819.9,8,0.8),(338,'AVD1034','2010-04-05 02:09:13',-0.8135,36.388706,1819.9,9,0.8),(339,'AVD1035','2010-04-05 02:09:16',-0.8135,36.388706,1819.9,8,0.8),(340,'AVD1036','2010-04-05 02:09:20',-0.8135,36.388706,1819.9,8,0.9),(341,'AVD1037','2010-04-05 02:09:23',-0.8135,36.388706,1819.9,9,0.7),(342,'AVD1037','2010-04-05 02:09:23',-0.8135,36.388706,1819.9,10,0.7),(343,'AVD1038','2010-04-05 02:09:26',-0.8135,36.388706,1819.9,10,0.7),(344,'AVD1039','2010-04-05 02:09:29',-0.8135,36.388706,1819.9,10,0.7),(345,'AVD1040','2010-04-05 02:09:34',-0.8135,36.388706,1819.9,10,0.7);
/*!40000 ALTER TABLE `tag_reads` ENABLE KEYS */;
UNLOCK TABLES;

--
-- Table structure for table `tag_replacements`
--

DROP TABLE IF EXISTS `tag_replacements`;
/*!40101 SET @saved_cs_client     = @@character_set_client */;
/*!40101 SET character_set_client = utf8 */;
CREATE TABLE `tag_replacements` (
  `rfid` varchar(15) NOT NULL,
  `label` varchar(8) DEFAULT NULL,
  `color` varchar(32) DEFAULT NULL,
  `supplier` varchar(32) DEFAULT NULL,
  `type` varchar(32) DEFAULT NULL,
  `replaces` varchar(15) DEFAULT NULL,
  `replace_time` timestamp NOT NULL DEFAULT CURRENT_TIMESTAMP ON UPDATE CURRENT_TIMESTAMP,
  PRIMARY KEY (`rfid`),
  KEY `replaces` (`replaces`)
) ENGINE=MyISAM DEFAULT CHARSET=utf8;
/*!40101 SET character_set_client = @saved_cs_client */;

--
-- Dumping data for table `tag_replacements`
--

LOCK TABLES `tag_replacements` WRITE;
/*!40000 ALTER TABLE `tag_replacements` DISABLE KEYS */;
/*!40000 ALTER TABLE `tag_replacements` ENABLE KEYS */;
UNLOCK TABLES;

--
-- Table structure for table `tags`
--

DROP TABLE IF EXISTS `tags`;
/*!40101 SET @saved_cs_client     = @@character_set_client */;
/*!40101 SET character_set_client = utf8 */;
CREATE TABLE `tags` (
  `rfid` varchar(15) NOT NULL,
  `label` varchar(6) DEFAULT NULL,
  `color` varchar(32) DEFAULT NULL,
  `supplier` varchar(32) DEFAULT NULL,
  `type` varchar(32) DEFAULT NULL,
  PRIMARY KEY (`rfid`)
) ENGINE=MyISAM DEFAULT CHARSET=utf8;
/*!40101 SET character_set_client = @saved_cs_client */;

--
-- Dumping data for table `tags`
--

LOCK TABLES `tags` WRITE;
/*!40000 ALTER TABLE `tags` DISABLE KEYS */;
INSERT INTO `tags` VALUES ('900044000052788','AVD201','White','Dalton','Itag Lamb Open'),('900044000052666','AVD202','White','Dalton','Itag Lamb Open'),('900044000052842','AVD203','White','Dalton','Itag Lamb Open'),('900044000054839','AVD204','White','Dalton','Itag Lamb Open'),('900044000053135','AVD205','White','Dalton','Itag Lamb Open'),('900044000052937','AVD206','White','Dalton','Itag Lamb Open'),('900002000098600','AVD207','White','Dalton','Itag Lamb Open'),('900044000052806','AVD208','White','Dalton','Itag Lamb Open'),('900044000052689','AVD209','White','Dalton','Itag Lamb Open'),('900044000053092','AVD210','White','Dalton','Itag Lamb Open'),('900044000052881','AVD211','White','Dalton','Itag Lamb Open'),('900002000098574','AVD212','White','Dalton','Itag Lamb Open'),('900044000052572','AVD213','White','Dalton','Itag Lamb Open'),('900002000098593','AVD214','White','Dalton','Itag Lamb Open'),('900044000054765','AVD215','White','Dalton','Itag Lamb Open'),('900044000052884','AVD216','White','Dalton','Itag Lamb Open'),('900044000052665','AVD217','White','Dalton','Itag Lamb Open'),('900044000052906','AVD218','White','Dalton','Itag Lamb Open'),('900044000053031','AVD219','White','Dalton','Itag Lamb Open'),('900002000109119','AVD220','White','Dalton','Itag Lamb Open'),('900044000052928','AVD221','White','Dalton','Itag Lamb Open'),('900044000052756','AVD222','White','Dalton','Itag Lamb Open'),('900044000052913','AVD223','White','Dalton','Itag Lamb Open'),('900044000052894','AVD224','White','Dalton','Itag Lamb Open'),('900044000053021','AVD225','White','Dalton','Itag Lamb Open'),('900044000053112','AVD226','White','Dalton','Itag Lamb Open'),('900044000052669','AVD227','White','Dalton','Itag Lamb Open'),('900044000052715','AVD228','White','Dalton','Itag Lamb Open'),('900044000053060','AVD229','White','Dalton','Itag Lamb Open'),('900044000052711','AVD230','White','Dalton','Itag Lamb Open'),('900044000052735','AVD231','White','Dalton','Itag Lamb Open'),('900044000052905','AVD232','White','Dalton','Itag Lamb Open'),('900044000052671','AVD233','White','Dalton','Itag Lamb Open'),('900044000052929','AVD234','White','Dalton','Itag Lamb Open'),('900044000052681','AVD235','White','Dalton','Itag Lamb Open'),('900044000052746','AVD236','White','Dalton','Itag Lamb Open'),('900044000052663','AVD237','White','Dalton','Itag Lamb Open'),('900044000052855','AVD238','White','Dalton','Itag Lamb Open'),('900002000098565','AVD239','White','Dalton','Itag Lamb Open'),('900044000052729','AVD240','White','Dalton','Itag Lamb Open'),('900044000052687','AVD241','White','Dalton','Itag Lamb Open'),('900044000052722','AVD242','White','Dalton','Itag Lamb Open'),('900044000053064','AVD243','White','Dalton','Itag Lamb Open'),('900044000052624','AVD244','White','Dalton','Itag Lamb Open'),('900044000052683','AVD245','White','Dalton','Itag Lamb Open'),('900044000052736','AVD246','White','Dalton','Itag Lamb Open'),('900044000052652','AVD247','White','Dalton','Itag Lamb Open'),('900044000052703','AVD248','White','Dalton','Itag Lamb Open'),('900044000052667','AVD249','White','Dalton','Itag Lamb Open'),('900044000052654','AVD250','White','Dalton','Itag Lamb Open'),('900044000053109','AVD251','White','Dalton','Itag Lamb Open'),('900044000052733','AVD252','White','Dalton','Itag Lamb Open'),('900044000053037','AVD253','White','Dalton','Itag Lamb Open'),('900044000052890','AVD254','White','Dalton','Itag Lamb Open'),('900044000052651','AVD255','White','Dalton','Itag Lamb Open'),('900044000052743','AVD256','White','Dalton','Itag Lamb Open'),('900044000052559','AVD257','White','Dalton','Itag Lamb Open'),('900044000053105','AVD258','White','Dalton','Itag Lamb Open'),('900044000053144','AVD259','White','Dalton','Itag Lamb Open'),('900044000052943','AVD260','White','Dalton','Itag Lamb Open'),('900044000052748','AVD261','White','Dalton','Itag Lamb Open'),('900044000052554','AVD262','White','Dalton','Itag Lamb Open'),('900044000052690','AVD263','White','Dalton','Itag Lamb Open'),('900044000052555','AVD264','White','Dalton','Itag Lamb Open'),('900044000052935','AVD265','White','Dalton','Itag Lamb Open'),('900044000052923','AVD266','White','Dalton','Itag Lamb Open'),('900044000052707','AVD267','White','Dalton','Itag Lamb Open'),('900044000052718','AVD268','White','Dalton','Itag Lamb Open'),('900044000052709','AVD269','White','Dalton','Itag Lamb Open'),('900044000052710','AVD270','White','Dalton','Itag Lamb Open'),('900044000052629','AVD271','White','Dalton','Itag Lamb Open'),('900044000052661','AVD272','White','Dalton','Itag Lamb Open'),('900044000052631','AVD273','White','Dalton','Itag Lamb Open'),('900044000052700','AVD274','White','Dalton','Itag Lamb Open'),('900044000052721','AVD275','White','Dalton','Itag Lamb Open'),('900044000052741','AVD276','White','Dalton','Itag Lamb Open'),('900044000052705','AVD277','White','Dalton','Itag Lamb Open'),('900044000052698','AVD278','White','Dalton','Itag Lamb Open'),('900044000052731','AVD279','White','Dalton','Itag Lamb Open'),('900044000052695','AVD280','White','Dalton','Itag Lamb Open'),('900044000052734','AVD281','White','Dalton','Itag Lamb Open'),('900044000052723','AVD282','White','Dalton','Itag Lamb Open'),('900044000052600','AVD283','White','Dalton','Itag Lamb Open'),('900044000052673','AVD284','White','Dalton','Itag Lamb Open'),('900044000052738','AVD285','White','Dalton','Itag Lamb Open'),('900044000052630','AVD286','White','Dalton','Itag Lamb Open'),('900044000052720','AVD287','White','Dalton','Itag Lamb Open'),('900044000052604','AVD288','White','Dalton','Itag Lamb Open'),('900044000052725','AVD289','White','Dalton','Itag Lamb Open'),('900044000052659','AVD290','White','Dalton','Itag Lamb Open'),('900044000052650','AVD291','White','Dalton','Itag Lamb Open'),('900044000052708','AVD292','White','Dalton','Itag Lamb Open'),('900044000052616','AVD293','White','Dalton','Itag Lamb Open'),('900044000052730','AVD294','White','Dalton','Itag Lamb Open'),('900044000052706','AVD295','White','Dalton','Itag Lamb Open'),('900044000052612','AVD296','White','Dalton','Itag Lamb Open'),('900044000052702','AVD297','White','Dalton','Itag Lamb Open'),('900044000052713','AVD298','White','Dalton','Itag Lamb Open'),('900044000052632','AVD299','White','Dalton','Itag Lamb Open'),('900044000052644','AVD300','White','Dalton','Itag Lamb Open'),('900044000052727','AVD301','White','Dalton','Itag Lamb Open'),('900044000052639','AVD302','White','Dalton','Itag Lamb Open'),('900044000052551','AVD303','White','Dalton','Itag Lamb Open'),('900044000052607','AVD304','White','Dalton','Itag Lamb Open'),('900044000052714','AVD305','White','Dalton','Itag Lamb Open'),('900044000052574','AVD306','White','Dalton','Itag Lamb Open'),('900044000052668','AVD307','White','Dalton','Itag Lamb Open'),('900044000052556','AVD308','White','Dalton','Itag Lamb Open'),('900044000052648','AVD309','White','Dalton','Itag Lamb Open'),('900044000052623','AVD310','White','Dalton','Itag Lamb Open'),('900044000052587','AVD311','White','Dalton','Itag Lamb Open'),('900044000052580','AVD312','White','Dalton','Itag Lamb Open'),('900044000052588','AVD313','White','Dalton','Itag Lamb Open'),('900044000052692','AVD314','White','Dalton','Itag Lamb Open'),('900044000052628','AVD315','White','Dalton','Itag Lamb Open'),('900044000052638','AVD316','White','Dalton','Itag Lamb Open'),('900044000052608','AVD317','White','Dalton','Itag Lamb Open'),('900044000052575','AVD318','White','Dalton','Itag Lamb Open'),('900044000052613','AVD319','White','Dalton','Itag Lamb Open'),('900044000052717','AVD320','White','Dalton','Itag Lamb Open'),('900044000052739','AVD321','White','Dalton','Itag Lamb Open'),('900044000052606','AVD322','White','Dalton','Itag Lamb Open'),('900044000052640','AVD323','White','Dalton','Itag Lamb Open'),('900044000052594','AVD324','White','Dalton','Itag Lamb Open'),('900044000052570','AVD325','White','Dalton','Itag Lamb Open'),('900044000052591','AVD326','White','Dalton','Itag Lamb Open'),('900044000052620','AVD327','White','Dalton','Itag Lamb Open'),('900044000052579','AVD328','White','Dalton','Itag Lamb Open'),('900044000052712','AVD329','White','Dalton','Itag Lamb Open'),('900044000052568','AVD330','White','Dalton','Itag Lamb Open'),('900044000052550','AVD331','White','Dalton','Itag Lamb Open'),('900044000052567','AVD332','White','Dalton','Itag Lamb Open'),('900044000052619','AVD333','White','Dalton','Itag Lamb Open'),('900044000052627','AVD334','White','Dalton','Itag Lamb Open'),('900044000052643','AVD335','White','Dalton','Itag Lamb Open'),('900044000052603','AVD336','White','Dalton','Itag Lamb Open'),('900044000052626','AVD337','White','Dalton','Itag Lamb Open'),('900044000052601','AVD338','White','Dalton','Itag Lamb Open'),('900044000052602','AVD339','White','Dalton','Itag Lamb Open'),('900044000052621','AVD340','White','Dalton','Itag Lamb Open'),('900044000052577','AVD341','White','Dalton','Itag Lamb Open'),('900044000052576','AVD342','White','Dalton','Itag Lamb Open'),('900044000052562','AVD343','White','Dalton','Itag Lamb Open'),('900044000052633','AVD344','White','Dalton','Itag Lamb Open'),('900044000052617','AVD345','White','Dalton','Itag Lamb Open'),('900044000052618','AVD346','White','Dalton','Itag Lamb Open'),('900044000052636','AVD347','White','Dalton','Itag Lamb Open'),('900044000052622','AVD348','White','Dalton','Itag Lamb Open'),('900044000052615','AVD349','White','Dalton','Itag Lamb Open'),('900044000052595','AVD350','White','Dalton','Itag Lamb Open'),('900044000052598','AVD351','White','Dalton','Itag Lamb Open'),('900044000052563','AVD352','White','Dalton','Itag Lamb Open'),('900044000052593','AVD353','White','Dalton','Itag Lamb Open'),('900044000052609','AVD354','White','Dalton','Itag Lamb Open'),('900044000052569','AVD355','White','Dalton','Itag Lamb Open'),('900044000052571','AVD356','White','Dalton','Itag Lamb Open'),('900044000052584','AVD357','White','Dalton','Itag Lamb Open'),('900044000052614','AVD358','White','Dalton','Itag Lamb Open'),('900044000052641','AVD359','White','Dalton','Itag Lamb Open'),('900044000052583','AVD360','White','Dalton','Itag Lamb Open'),('900044000052647','AVD361','White','Dalton','Itag Lamb Open'),('900044000052642','AVD362','White','Dalton','Itag Lamb Open'),('900044000052646','AVD363','White','Dalton','Itag Lamb Open'),('900044000052557','AVD364','White','Dalton','Itag Lamb Open'),('900044000052589','AVD365','White','Dalton','Itag Lamb Open'),('900044000052549','AVD366','White','Dalton','Itag Lamb Open'),('900044000052599','AVD367','White','Dalton','Itag Lamb Open'),('900044000052581','AVD368','White','Dalton','Itag Lamb Open'),('900044000052605','AVD369','White','Dalton','Itag Lamb Open'),('900044000052634','AVD370','White','Dalton','Itag Lamb Open'),('900044000052586','AVD371','White','Dalton','Itag Lamb Open'),('900044000052573','AVD372','White','Dalton','Itag Lamb Open'),('900044000052597','AVD373','White','Dalton','Itag Lamb Open'),('900044000052610','AVD374','White','Dalton','Itag Lamb Open'),('900044000052561','AVD375','White','Dalton','Itag Lamb Open'),('900044000052585','AVD376','White','Dalton','Itag Lamb Open'),('900044000052582','AVD377','White','Dalton','Itag Lamb Open'),('900044000052590','AVD378','White','Dalton','Itag Lamb Open'),('900044000052564','AVD379','White','Dalton','Itag Lamb Open'),('900044000052635','AVD380','White','Dalton','Itag Lamb Open'),('900044000052611','AVD381','White','Dalton','Itag Lamb Open'),('900044000052552','AVD382','White','Dalton','Itag Lamb Open'),('900044000052592','AVD383','White','Dalton','Itag Lamb Open'),('900044000052560','AVD384','White','Dalton','Itag Lamb Open'),('900044000052637','AVD385','White','Dalton','Itag Lamb Open'),('900044000052625','AVD386','White','Dalton','Itag Lamb Open'),('900044000052596','AVD387','White','Dalton','Itag Lamb Open'),('900044000052558','AVD388','White','Dalton','Itag Lamb Open'),('900044000052645','AVD389','White','Dalton','Itag Lamb Open'),('900044000052565','AVD390','White','Dalton','Itag Lamb Open'),('900044000052553','AVD391','White','Dalton','Itag Lamb Open'),('900044000052578','AVD392','White','Dalton','Itag Lamb Open'),('900044000052566','AVD393','White','Dalton','Itag Lamb Open'),('900044000052664','AVD394','White','Dalton','Itag Lamb Open'),('900044000052744','AVD395','White','Dalton','Itag Lamb Open'),('900044000052649','AVD396','White','Dalton','Itag Lamb Open'),('900044000052694','AVD397','White','Dalton','Itag Lamb Open'),('900044000052672','AVD398','White','Dalton','Itag Lamb Open'),('900044000052737','AVD399','White','Dalton','Itag Lamb Open'),('900044000052662','AVD400','White','Dalton','Itag Lamb Open'),('900044000052697','AVD401','White','Dalton','Itag Lamb Open'),('900044000052704','AVD402','White','Dalton','Itag Lamb Open'),('900044000052677','AVD403','White','Dalton','Itag Lamb Open'),('900044000052745','AVD404','White','Dalton','Itag Lamb Open'),('900044000052726','AVD405','White','Dalton','Itag Lamb Open'),('900044000052742','AVD406','White','Dalton','Itag Lamb Open'),('900044000052724','AVD407','White','Dalton','Itag Lamb Open'),('900044000052688','AVD408','White','Dalton','Itag Lamb Open'),('900044000052699','AVD409','White','Dalton','Itag Lamb Open'),('900044000052686','AVD410','White','Dalton','Itag Lamb Open'),('900044000052696','AVD411','White','Dalton','Itag Lamb Open'),('900044000052728','AVD412','White','Dalton','Itag Lamb Open'),('900044000052716','AVD413','White','Dalton','Itag Lamb Open'),('900044000052747','AVD414','White','Dalton','Itag Lamb Open'),('900044000052658','AVD415','White','Dalton','Itag Lamb Open'),('900044000052701','AVD416','White','Dalton','Itag Lamb Open'),('900044000052678','AVD417','White','Dalton','Itag Lamb Open'),('900044000052653','AVD418','White','Dalton','Itag Lamb Open'),('900044000052657','AVD419','White','Dalton','Itag Lamb Open'),('900044000052719','AVD420','White','Dalton','Itag Lamb Open'),('900044000052679','AVD421','White','Dalton','Itag Lamb Open'),('900044000052674','AVD422','White','Dalton','Itag Lamb Open'),('900044000052670','AVD423','White','Dalton','Itag Lamb Open'),('900044000052660','AVD424','White','Dalton','Itag Lamb Open'),('900044000052685','AVD425','White','Dalton','Itag Lamb Open'),('900044000052691','AVD426','White','Dalton','Itag Lamb Open'),('900044000052732','AVD427','White','Dalton','Itag Lamb Open'),('900044000052684','AVD428','White','Dalton','Itag Lamb Open'),('900044000052655','AVD429','White','Dalton','Itag Lamb Open'),('900044000052680','AVD430','White','Dalton','Itag Lamb Open'),('900044000052682','AVD431','White','Dalton','Itag Lamb Open'),('900044000052675','AVD432','White','Dalton','Itag Lamb Open'),('900044000052676','AVD433','White','Dalton','Itag Lamb Open'),('900044000052693','AVD434','White','Dalton','Itag Lamb Open'),('900044000052740','AVD435','White','Dalton','Itag Lamb Open'),('900044000052656','AVD436','White','Dalton','Itag Lamb Open'),('900044000053079','AVD437','White','Dalton','Itag Lamb Open'),('900044000052889','AVD438','White','Dalton','Itag Lamb Open'),('900002000109163','AVD439','White','Dalton','Itag Lamb Open'),('900044000052955','AVD440','White','Dalton','Itag Lamb Open'),('900002000109191','AVD441','White','Dalton','Itag Lamb Open'),('900044000053132','AVD442','White','Dalton','Itag Lamb Open'),('900044000052892','AVD443','White','Dalton','Itag Lamb Open'),('900044000053114','AVD444','White','Dalton','Itag Lamb Open'),('900044000053084','AVD445','White','Dalton','Itag Lamb Open'),('900044000052770','AVD446','White','Dalton','Itag Lamb Open'),('900044000053035','AVD447','White','Dalton','Itag Lamb Open'),('900044000052857','AVD448','White','Dalton','Itag Lamb Open'),('900044000052856','AVD449','White','Dalton','Itag Lamb Open'),('900044000053125','AVD450','White','Dalton','Itag Lamb Open'),('900002000109187','AVD451','White','Dalton','Itag Lamb Open'),('900044000053081','AVD452','White','Dalton','Itag Lamb Open'),('900002000109164','AVD453','White','Dalton','Itag Lamb Open'),('900044000053062','AVD454','White','Dalton','Itag Lamb Open'),('900002000109194','AVD455','White','Dalton','Itag Lamb Open'),('900044000053052','AVD456','White','Dalton','Itag Lamb Open'),('900044000053128','AVD457','White','Dalton','Itag Lamb Open'),('900044000053089','AVD458','White','Dalton','Itag Lamb Open'),('900002000109101','AVD459','White','Dalton','Itag Lamb Open'),('900044000053005','AVD460','White','Dalton','Itag Lamb Open'),('900044000053055','AVD461','White','Dalton','Itag Lamb Open'),('900044000053137','AVD462','White','Dalton','Itag Lamb Open'),('900044000053094','AVD463','White','Dalton','Itag Lamb Open'),('900044000052958','AVD464','White','Dalton','Itag Lamb Open'),('900044000052885','AVD465','White','Dalton','Itag Lamb Open'),('900044000053102','AVD466','White','Dalton','Itag Lamb Open'),('900044000053073','AVD467','White','Dalton','Itag Lamb Open'),('900044000052902','AVD468','White','Dalton','Itag Lamb Open'),('900044000053110','AVD469','White','Dalton','Itag Lamb Open'),('900044000052804','AVD470','White','Dalton','Itag Lamb Open'),('900002000109125','AVD471','White','Dalton','Itag Lamb Open'),('900044000052957','AVD472','White','Dalton','Itag Lamb Open'),('900002000109141','AVD473','White','Dalton','Itag Lamb Open'),('900044000053088','AVD474','White','Dalton','Itag Lamb Open'),('900044000053056','AVD475','White','Dalton','Itag Lamb Open'),('900044000053002','AVD476','White','Dalton','Itag Lamb Open'),('900044000052970','AVD477','White','Dalton','Itag Lamb Open'),('900044000053018','AVD478','White','Dalton','Itag Lamb Open'),('900044000053030','AVD479','White','Dalton','Itag Lamb Open'),('900044000052965','AVD480','White','Dalton','Itag Lamb Open'),('900044000053048','AVD481','White','Dalton','Itag Lamb Open'),('900044000053083','AVD482','White','Dalton','Itag Lamb Open'),('900044000052960','AVD483','White','Dalton','Itag Lamb Open'),('900044000052971','AVD484','White','Dalton','Itag Lamb Open'),('900044000052974','AVD485','White','Dalton','Itag Lamb Open'),('900044000053015','AVD486','White','Dalton','Itag Lamb Open'),('900044000053101','AVD487','White','Dalton','Itag Lamb Open'),('900044000053145','AVD488','White','Dalton','Itag Lamb Open'),('900002000109143','AVD489','White','Dalton','Itag Lamb Open'),('900044000053124','AVD490','White','Dalton','Itag Lamb Open'),('900044000053017','AVD491','White','Dalton','Itag Lamb Open'),('900002000109042','AVD492','White','Dalton','Itag Lamb Open'),('900002000109154','AVD493','White','Dalton','Itag Lamb Open'),('900044000053098','AVD494','White','Dalton','Itag Lamb Open'),('900044000053077','AVD495','White','Dalton','Itag Lamb Open'),('900044000053028','AVD496','White','Dalton','Itag Lamb Open'),('900044000052975','AVD497','White','Dalton','Itag Lamb Open'),('900044000053139','AVD498','White','Dalton','Itag Lamb Open'),('900044000053140','AVD499','White','Dalton','Itag Lamb Open'),('900044000053009','AVD500','White','Dalton','Itag Lamb Open'),('900044000053106','AVD501','White','Dalton','Itag Lamb Open'),('900044000053042','AVD502','White','Dalton','Itag Lamb Open'),('900044000052961','AVD503','White','Dalton','Itag Lamb Open'),('900044000053011','AVD504','White','Dalton','Itag Lamb Open'),('900044000053029','AVD505','White','Dalton','Itag Lamb Open'),('900044000053006','AVD506','White','Dalton','Itag Lamb Open'),('900044000053070','AVD507','White','Dalton','Itag Lamb Open'),('900044000053040','AVD508','White','Dalton','Itag Lamb Open'),('900044000052993','AVD509','White','Dalton','Itag Lamb Open'),('900044000053007','AVD510','White','Dalton','Itag Lamb Open'),('900044000053020','AVD511','White','Dalton','Itag Lamb Open'),('900044000052962','AVD512','White','Dalton','Itag Lamb Open'),('900044000052987','AVD513','White','Dalton','Itag Lamb Open'),('900044000052956','AVD514','White','Dalton','Itag Lamb Open'),('900044000053108','AVD515','White','Dalton','Itag Lamb Open'),('900044000052969','AVD516','White','Dalton','Itag Lamb Open'),('900044000052952','AVD517','White','Dalton','Itag Lamb Open'),('900044000052998','AVD518','White','Dalton','Itag Lamb Open'),('900044000052979','AVD519','White','Dalton','Itag Lamb Open'),('900044000053019','AVD520','White','Dalton','Itag Lamb Open'),('900044000052822','AVD521','White','Dalton','Itag Lamb Open'),('900044000053023','AVD522','White','Dalton','Itag Lamb Open'),('900044000052990','AVD523','White','Dalton','Itag Lamb Open'),('900044000052983','AVD524','White','Dalton','Itag Lamb Open'),('900044000053087','AVD525','White','Dalton','Itag Lamb Open'),('900044000053004','AVD526','White','Dalton','Itag Lamb Open'),('900044000052968','AVD527','White','Dalton','Itag Lamb Open'),('900044000053001','AVD528','White','Dalton','Itag Lamb Open'),('900044000052966','AVD529','White','Dalton','Itag Lamb Open'),('900044000053016','AVD530','White','Dalton','Itag Lamb Open'),('900044000053047','AVD531','White','Dalton','Itag Lamb Open'),('900044000053130','AVD532','White','Dalton','Itag Lamb Open'),('900044000052977','AVD533','White','Dalton','Itag Lamb Open'),('900044000052981','AVD534','White','Dalton','Itag Lamb Open'),('900044000053027','AVD535','White','Dalton','Itag Lamb Open'),('900044000052996','AVD536','White','Dalton','Itag Lamb Open'),('900044000052982','AVD537','White','Dalton','Itag Lamb Open'),('900044000053003','AVD538','White','Dalton','Itag Lamb Open'),('900044000053038','AVD539','White','Dalton','Itag Lamb Open'),('900044000052980','AVD540','White','Dalton','Itag Lamb Open'),('900044000052959','AVD541','White','Dalton','Itag Lamb Open'),('900044000053014','AVD542','White','Dalton','Itag Lamb Open'),('900044000053065','AVD543','White','Dalton','Itag Lamb Open'),('900044000053036','AVD544','White','Dalton','Itag Lamb Open'),('900044000052976','AVD545','White','Dalton','Itag Lamb Open'),('900044000053010','AVD546','White','Dalton','Itag Lamb Open'),('900044000052986','AVD547','White','Dalton','Itag Lamb Open'),('900044000053025','AVD548','White','Dalton','Itag Lamb Open'),('900044000053033','AVD549','White','Dalton','Itag Lamb Open'),('900044000052973','AVD550','White','Dalton','Itag Lamb Open'),('900044000053032','AVD551','White','Dalton','Itag Lamb Open'),('900044000053008','AVD552','White','Dalton','Itag Lamb Open'),('900044000052992','AVD553','White','Dalton','Itag Lamb Open'),('900044000052997','AVD554','White','Dalton','Itag Lamb Open'),('900044000053012','AVD555','White','Dalton','Itag Lamb Open'),('900044000053024','AVD556','White','Dalton','Itag Lamb Open'),('900044000052972','AVD557','White','Dalton','Itag Lamb Open'),('900044000052991','AVD558','White','Dalton','Itag Lamb Open'),('900044000052954','AVD559','White','Dalton','Itag Lamb Open'),('900044000053013','AVD560','White','Dalton','Itag Lamb Open'),('900044000053046','AVD561','White','Dalton','Itag Lamb Open'),('900044000053041','AVD562','White','Dalton','Itag Lamb Open'),('900044000052963','AVD563','White','Dalton','Itag Lamb Open'),('900044000053026','AVD564','White','Dalton','Itag Lamb Open'),('900044000052994','AVD565','White','Dalton','Itag Lamb Open'),('900044000052985','AVD566','White','Dalton','Itag Lamb Open'),('900044000053045','AVD567','White','Dalton','Itag Lamb Open'),('900044000052999','AVD568','White','Dalton','Itag Lamb Open'),('900044000053022','AVD569','White','Dalton','Itag Lamb Open'),('900044000052984','AVD570','White','Dalton','Itag Lamb Open'),('900044000053034','AVD571','White','Dalton','Itag Lamb Open'),('900044000052995','AVD572','White','Dalton','Itag Lamb Open'),('900044000052953','AVD573','White','Dalton','Itag Lamb Open'),('900044000052964','AVD574','White','Dalton','Itag Lamb Open'),('900044000053000','AVD575','White','Dalton','Itag Lamb Open'),('900044000053043','AVD576','White','Dalton','Itag Lamb Open'),('900044000052989','AVD577','White','Dalton','Itag Lamb Open'),('900044000052978','AVD578','White','Dalton','Itag Lamb Open'),('900044000052950','AVD579','White','Dalton','Itag Lamb Open'),('900044000053044','AVD580','White','Dalton','Itag Lamb Open'),('900044000052949','AVD581','White','Dalton','Itag Lamb Open'),('900044000052951','AVD582','White','Dalton','Itag Lamb Open'),('900044000052988','AVD583','White','Dalton','Itag Lamb Open'),('900044000053039','AVD584','White','Dalton','Itag Lamb Open'),('900044000052967','AVD585','White','Dalton','Itag Lamb Open'),('900044000053063','AVD586','White','Dalton','Itag Lamb Open'),('900044000053053','AVD587','White','Dalton','Itag Lamb Open'),('900044000053142','AVD588','White','Dalton','Itag Lamb Open'),('900044000053080','AVD589','White','Dalton','Itag Lamb Open'),('900002000109161','AVD590','White','Dalton','Itag Lamb Open'),('900044000053133','AVD591','White','Dalton','Itag Lamb Open'),('900044000053100','AVD592','White','Dalton','Itag Lamb Open'),('900044000053103','AVD593','White','Dalton','Itag Lamb Open'),('900044000053148','AVD594','White','Dalton','Itag Lamb Open'),('900044000053113','AVD595','White','Dalton','Itag Lamb Open'),('900044000053121','AVD596','White','Dalton','Itag Lamb Open'),('900044000053095','AVD597','White','Dalton','Itag Lamb Open'),('900044000053119','AVD598','White','Dalton','Itag Lamb Open'),('900044000053123','AVD599','White','Dalton','Itag Lamb Open'),('900044000053117','AVD600','White','Dalton','Itag Lamb Open'),('900044000053076','AVD601','White','Dalton','Itag Lamb Open'),('900044000053107','AVD602','White','Dalton','Itag Lamb Open'),('900044000053116','AVD603','White','Dalton','Itag Lamb Open'),('900044000053099','AVD604','White','Dalton','Itag Lamb Open'),('900044000053147','AVD605','White','Dalton','Itag Lamb Open'),('900044000053111','AVD606','White','Dalton','Itag Lamb Open'),('900044000053085','AVD607','White','Dalton','Itag Lamb Open'),('900044000053059','AVD608','White','Dalton','Itag Lamb Open'),('900044000053097','AVD609','White','Dalton','Itag Lamb Open'),('900044000053120','AVD610','White','Dalton','Itag Lamb Open'),('900044000053138','AVD611','White','Dalton','Itag Lamb Open'),('900044000053093','AVD612','White','Dalton','Itag Lamb Open'),('900044000053078','AVD613','White','Dalton','Itag Lamb Open'),('900044000053069','AVD614','White','Dalton','Itag Lamb Open'),('900044000053146','AVD615','White','Dalton','Itag Lamb Open'),('900044000053066','AVD616','White','Dalton','Itag Lamb Open'),('900044000053104','AVD617','White','Dalton','Itag Lamb Open'),('900044000053049','AVD618','White','Dalton','Itag Lamb Open'),('900044000053086','AVD619','White','Dalton','Itag Lamb Open'),('900044000053118','AVD620','White','Dalton','Itag Lamb Open'),('900044000053051','AVD621','White','Dalton','Itag Lamb Open'),('900044000053134','AVD622','White','Dalton','Itag Lamb Open'),('900044000053067','AVD623','White','Dalton','Itag Lamb Open'),('900044000053050','AVD624','White','Dalton','Itag Lamb Open'),('900044000053090','AVD625','White','Dalton','Itag Lamb Open'),('900044000053136','AVD626','White','Dalton','Itag Lamb Open'),('900044000053068','AVD627','White','Dalton','Itag Lamb Open'),('900044000053074','AVD628','White','Dalton','Itag Lamb Open'),('900044000053057','AVD629','White','Dalton','Itag Lamb Open'),('900044000053072','AVD630','White','Dalton','Itag Lamb Open'),('900044000053082','AVD631','White','Dalton','Itag Lamb Open'),('900044000053126','AVD632','White','Dalton','Itag Lamb Open'),('900044000053127','AVD633','White','Dalton','Itag Lamb Open'),('900044000053141','AVD634','White','Dalton','Itag Lamb Open'),('900044000053058','AVD635','White','Dalton','Itag Lamb Open'),('900044000053143','AVD636','White','Dalton','Itag Lamb Open'),('900044000053071','AVD637','White','Dalton','Itag Lamb Open'),('900044000053129','AVD638','White','Dalton','Itag Lamb Open'),('900044000053096','AVD639','White','Dalton','Itag Lamb Open'),('900044000053115','AVD640','White','Dalton','Itag Lamb Open'),('900044000053075','AVD641','White','Dalton','Itag Lamb Open'),('900044000053122','AVD642','White','Dalton','Itag Lamb Open'),('900044000053054','AVD643','White','Dalton','Itag Lamb Open'),('900044000053091','AVD644','White','Dalton','Itag Lamb Open'),('900044000052939','AVD645','White','Dalton','Itag Lamb Open'),('900044000052852','AVD646','White','Dalton','Itag Lamb Open'),('900044000052930','AVD647','White','Dalton','Itag Lamb Open'),('900002000109155','AVD648','White','Dalton','Itag Lamb Open'),('900044000052886','AVD649','White','Dalton','Itag Lamb Open'),('900002000109151','AVD650','White','Dalton','Itag Lamb Open'),('900002000109133','AVD651','White','Dalton','Itag Lamb Open'),('900044000052921','AVD652','White','Dalton','Itag Lamb Open'),('900002000109167','AVD653','White','Dalton','Itag Lamb Open'),('900002000109128','AVD654','White','Dalton','Itag Lamb Open'),('900044000052850','AVD655','White','Dalton','Itag Lamb Open'),('900044000052910','AVD656','White','Dalton','Itag Lamb Open'),('900044000052911','AVD657','White','Dalton','Itag Lamb Open'),('900044000052836','AVD658','White','Dalton','Itag Lamb Open'),('900044000052872','AVD659','White','Dalton','Itag Lamb Open'),('900002000109059','AVD660','White','Dalton','Itag Lamb Open'),('900002000109118','AVD661','White','Dalton','Itag Lamb Open'),('900002000109171','AVD662','White','Dalton','Itag Lamb Open'),('900002000109127','AVD663','White','Dalton','Itag Lamb Open'),('900002000109172','AVD664','White','Dalton','Itag Lamb Open'),('900002000109195','AVD665','White','Dalton','Itag Lamb Open'),('900044000052867','AVD666','White','Dalton','Itag Lamb Open'),('900002000109190','AVD667','White','Dalton','Itag Lamb Open'),('900002000109165','AVD668','White','Dalton','Itag Lamb Open'),('900002000109166','AVD669','White','Dalton','Itag Lamb Open'),('900002000109122','AVD670','White','Dalton','Itag Lamb Open'),('900002000109159','AVD671','White','Dalton','Itag Lamb Open'),('900002000109179','AVD672','White','Dalton','Itag Lamb Open'),('900002000109115','AVD673','White','Dalton','Itag Lamb Open'),('900002000109109','AVD674','White','Dalton','Itag Lamb Open'),('900002000109197','AVD675','White','Dalton','Itag Lamb Open'),('900002000109153','AVD676','White','Dalton','Itag Lamb Open'),('900002000109158','AVD677','White','Dalton','Itag Lamb Open'),('900002000109120','AVD678','White','Dalton','Itag Lamb Open'),('900002000109193','AVD679','White','Dalton','Itag Lamb Open'),('900002000109169','AVD680','White','Dalton','Itag Lamb Open'),('900002000109168','AVD681','White','Dalton','Itag Lamb Open'),('900002000109173','AVD682','White','Dalton','Itag Lamb Open'),('900002000109162','AVD683','White','Dalton','Itag Lamb Open'),('900044000052945','AVD684','White','Dalton','Itag Lamb Open'),('900002000109160','AVD685','White','Dalton','Itag Lamb Open'),('900002000109177','AVD686','White','Dalton','Itag Lamb Open'),('900002000109198','AVD687','White','Dalton','Itag Lamb Open'),('900002000109147','AVD688','White','Dalton','Itag Lamb Open'),('900002000109189','AVD689','White','Dalton','Itag Lamb Open'),('900002000109156','AVD690','White','Dalton','Itag Lamb Open'),('900002000109184','AVD691','White','Dalton','Itag Lamb Open'),('900002000109186','AVD692','White','Dalton','Itag Lamb Open'),('900002000109180','AVD693','White','Dalton','Itag Lamb Open'),('900002000109102','AVD694','White','Dalton','Itag Lamb Open'),('900002000109110','AVD695','White','Dalton','Itag Lamb Open'),('900002000109157','AVD696','White','Dalton','Itag Lamb Open'),('900002000109185','AVD697','White','Dalton','Itag Lamb Open'),('900002000109149','AVD698','White','Dalton','Itag Lamb Open'),('900002000109136','AVD699','White','Dalton','Itag Lamb Open'),('900002000109146','AVD700','White','Dalton','Itag Lamb Open'),('900002000109112','AVD701','White','Dalton','Itag Lamb Open'),('900002000109200','AVD702','White','Dalton','Itag Lamb Open'),('900002000109139','AVD703','White','Dalton','Itag Lamb Open'),('900002000109192','AVD704','White','Dalton','Itag Lamb Open'),('900002000109188','AVD705','White','Dalton','Itag Lamb Open'),('900002000109176','AVD706','White','Dalton','Itag Lamb Open'),('900002000109142','AVD707','White','Dalton','Itag Lamb Open'),('900002000109170','AVD708','White','Dalton','Itag Lamb Open'),('900002000109124','AVD709','White','Dalton','Itag Lamb Open'),('900002000109132','AVD710','White','Dalton','Itag Lamb Open'),('900002000109108','AVD711','White','Dalton','Itag Lamb Open'),('900002000109182','AVD712','White','Dalton','Itag Lamb Open'),('900002000109183','AVD713','White','Dalton','Itag Lamb Open'),('900002000109140','AVD714','White','Dalton','Itag Lamb Open'),('900002000109181','AVD715','White','Dalton','Itag Lamb Open'),('900002000109126','AVD716','White','Dalton','Itag Lamb Open'),('900002000109174','AVD717','White','Dalton','Itag Lamb Open'),('900002000109106','AVD718','White','Dalton','Itag Lamb Open'),('900002000109114','AVD719','White','Dalton','Itag Lamb Open'),('900002000109113','AVD720','White','Dalton','Itag Lamb Open'),('900002000109196','AVD721','White','Dalton','Itag Lamb Open'),('900002000109107','AVD722','White','Dalton','Itag Lamb Open'),('900002000109116','AVD723','White','Dalton','Itag Lamb Open'),('900002000109123','AVD724','White','Dalton','Itag Lamb Open'),('900002000109105','AVD725','White','Dalton','Itag Lamb Open'),('900002000109131','AVD726','White','Dalton','Itag Lamb Open'),('900002000109129','AVD727','White','Dalton','Itag Lamb Open'),('900002000109130','AVD728','White','Dalton','Itag Lamb Open'),('900002000109134','AVD729','White','Dalton','Itag Lamb Open'),('900002000109178','AVD730','White','Dalton','Itag Lamb Open'),('900002000109104','AVD731','White','Dalton','Itag Lamb Open'),('900002000109199','AVD732','White','Dalton','Itag Lamb Open'),('900002000109121','AVD733','White','Dalton','Itag Lamb Open'),('900002000109103','AVD734','White','Dalton','Itag Lamb Open'),('900002000109111','AVD735','White','Dalton','Itag Lamb Open'),('900002000109144','AVD736','White','Dalton','Itag Lamb Open'),('900002000109117','AVD737','White','Dalton','Itag Lamb Open'),('900002000109148','AVD738','White','Dalton','Itag Lamb Open'),('900002000109138','AVD739','White','Dalton','Itag Lamb Open'),('900002000109145','AVD740','White','Dalton','Itag Lamb Open'),('900002000109135','AVD741','White','Dalton','Itag Lamb Open'),('900002000109150','AVD742','White','Dalton','Itag Lamb Open'),('900002000109137','AVD743','White','Dalton','Itag Lamb Open'),('900002000109152','AVD744','White','Dalton','Itag Lamb Open'),('900044000052845','AVD745','White','Dalton','Itag Lamb Open'),('900002000109090','AVD746','White','Dalton','Itag Lamb Open'),('900044000052847','AVD747','White','Dalton','Itag Lamb Open'),('900002000109043','AVD748','White','Dalton','Itag Lamb Open'),('900044000052815','AVD749','White','Dalton','Itag Lamb Open'),('900044000052924','AVD750','White','Dalton','Itag Lamb Open'),('900044000052810','AVD751','White','Dalton','Itag Lamb Open'),('900044000052863','AVD752','White','Dalton','Itag Lamb Open'),('900044000052927','AVD753','White','Dalton','Itag Lamb Open'),('900044000052854','AVD754','White','Dalton','Itag Lamb Open'),('900044000052925','AVD755','White','Dalton','Itag Lamb Open'),('900002000109023','AVD756','White','Dalton','Itag Lamb Open'),('900044000052875','AVD757','White','Dalton','Itag Lamb Open'),('900002000109063','AVD758','White','Dalton','Itag Lamb Open'),('900044000052918','AVD759','White','Dalton','Itag Lamb Open'),('900044000052837','AVD760','White','Dalton','Itag Lamb Open'),('900044000052907','AVD761','White','Dalton','Itag Lamb Open'),('900044000052781','AVD762','White','Dalton','Itag Lamb Open'),('900044000052947','AVD763','White','Dalton','Itag Lamb Open'),('900044000052917','AVD764','White','Dalton','Itag Lamb Open'),('900002000109003','AVD765','White','Dalton','Itag Lamb Open'),('900044000052916','AVD766','White','Dalton','Itag Lamb Open'),('900044000052903','AVD767','White','Dalton','Itag Lamb Open'),('900002000109074','AVD768','White','Dalton','Itag Lamb Open'),('900044000052891','AVD769','White','Dalton','Itag Lamb Open'),('900044000052801','AVD770','White','Dalton','Itag Lamb Open'),('900044000052887','AVD771','White','Dalton','Itag Lamb Open'),('900044000052914','AVD772','White','Dalton','Itag Lamb Open'),('900044000052896','AVD773','White','Dalton','Itag Lamb Open'),('900002000109078','AVD774','White','Dalton','Itag Lamb Open'),('900044000052831','AVD775','White','Dalton','Itag Lamb Open'),('900044000052908','AVD776','White','Dalton','Itag Lamb Open'),('900044000052814','AVD777','White','Dalton','Itag Lamb Open'),('900044000052901','AVD778','White','Dalton','Itag Lamb Open'),('900002000109073','AVD779','White','Dalton','Itag Lamb Open'),('900002000109025','AVD780','White','Dalton','Itag Lamb Open'),('900044000052936','AVD781','White','Dalton','Itag Lamb Open'),('900044000052849','AVD782','White','Dalton','Itag Lamb Open'),('900002000109001','AVD783','White','Dalton','Itag Lamb Open'),('900044000052938','AVD784','White','Dalton','Itag Lamb Open'),('900002000109017','AVD785','White','Dalton','Itag Lamb Open'),('900002000109039','AVD786','White','Dalton','Itag Lamb Open'),('900002000109061','AVD787','White','Dalton','Itag Lamb Open'),('900044000052900','AVD788','White','Dalton','Itag Lamb Open'),('900002000109051','AVD789','White','Dalton','Itag Lamb Open'),('900002000109070','AVD790','White','Dalton','Itag Lamb Open'),('900002000109085','AVD791','White','Dalton','Itag Lamb Open'),('900002000109099','AVD792','White','Dalton','Itag Lamb Open'),('900002000109056','AVD793','White','Dalton','Itag Lamb Open'),('900002000109066','AVD794','White','Dalton','Itag Lamb Open'),('900002000109075','AVD795','White','Dalton','Itag Lamb Open'),('900002000109086','AVD796','White','Dalton','Itag Lamb Open'),('900002000109080','AVD797','White','Dalton','Itag Lamb Open'),('900002000109077','AVD798','White','Dalton','Itag Lamb Open'),('900002000109069','AVD799','White','Dalton','Itag Lamb Open'),('900002000109057','AVD800','White','Dalton','Itag Lamb Open'),('900002000109068','AVD801','White','Dalton','Itag Lamb Open'),('900002000109052','AVD802','White','Dalton','Itag Lamb Open'),('900002000109037','AVD803','White','Dalton','Itag Lamb Open'),('900002000109062','AVD804','White','Dalton','Itag Lamb Open'),('900002000109060','AVD805','White','Dalton','Itag Lamb Open'),('900002000109067','AVD806','White','Dalton','Itag Lamb Open'),('900002000109096','AVD807','White','Dalton','Itag Lamb Open'),('900002000109088','AVD808','White','Dalton','Itag Lamb Open'),('900002000109054','AVD809','White','Dalton','Itag Lamb Open'),('900002000109035','AVD810','White','Dalton','Itag Lamb Open'),('900002000109020','AVD811','White','Dalton','Itag Lamb Open'),('900002000109058','AVD812','White','Dalton','Itag Lamb Open'),('900002000109084','AVD813','White','Dalton','Itag Lamb Open'),('900002000109027','AVD814','White','Dalton','Itag Lamb Open'),('900002000109076','AVD815','White','Dalton','Itag Lamb Open'),('900002000109087','AVD816','White','Dalton','Itag Lamb Open'),('900002000109095','AVD817','White','Dalton','Itag Lamb Open'),('900002000109021','AVD818','White','Dalton','Itag Lamb Open'),('900002000109091','AVD819','White','Dalton','Itag Lamb Open'),('900002000109029','AVD820','White','Dalton','Itag Lamb Open'),('900002000109053','AVD821','White','Dalton','Itag Lamb Open'),('900002000109007','AVD822','White','Dalton','Itag Lamb Open'),('900044000052920','AVD823','White','Dalton','Itag Lamb Open'),('900002000109094','AVD824','White','Dalton','Itag Lamb Open'),('900002000109002','AVD825','White','Dalton','Itag Lamb Open'),('900002000109083','AVD826','White','Dalton','Itag Lamb Open'),('900002000109082','AVD827','White','Dalton','Itag Lamb Open'),('900002000109065','AVD828','White','Dalton','Itag Lamb Open'),('900044000052933','AVD829','White','Dalton','Itag Lamb Open'),('900002000109092','AVD830','White','Dalton','Itag Lamb Open'),('900002000109098','AVD831','White','Dalton','Itag Lamb Open'),('900002000109064','AVD832','White','Dalton','Itag Lamb Open'),('900002000109018','AVD833','White','Dalton','Itag Lamb Open'),('900002000109071','AVD834','White','Dalton','Itag Lamb Open'),('900002000109100','AVD835','White','Dalton','Itag Lamb Open'),('900002000109019','AVD836','White','Dalton','Itag Lamb Open'),('900002000109032','AVD837','White','Dalton','Itag Lamb Open'),('900002000109093','AVD838','White','Dalton','Itag Lamb Open'),('900002000109022','AVD839','White','Dalton','Itag Lamb Open'),('900002000109089','AVD840','White','Dalton','Itag Lamb Open'),('900002000109097','AVD841','White','Dalton','Itag Lamb Open'),('900002000109072','AVD842','White','Dalton','Itag Lamb Open'),('900002000109010','AVD843','White','Dalton','Itag Lamb Open'),('900002000109024','AVD844','White','Dalton','Itag Lamb Open'),('900002000109013','AVD845','White','Dalton','Itag Lamb Open'),('900002000109009','AVD846','White','Dalton','Itag Lamb Open'),('900002000109014','AVD847','White','Dalton','Itag Lamb Open'),('900002000109005','AVD848','White','Dalton','Itag Lamb Open'),('900002000109030','AVD849','White','Dalton','Itag Lamb Open'),('900002000109041','AVD850','White','Dalton','Itag Lamb Open'),('900002000109046','AVD851','White','Dalton','Itag Lamb Open'),('900002000109016','AVD852','White','Dalton','Itag Lamb Open'),('900002000109040','AVD853','White','Dalton','Itag Lamb Open'),('900002000109006','AVD854','White','Dalton','Itag Lamb Open'),('900002000109038','AVD855','White','Dalton','Itag Lamb Open'),('900002000109015','AVD856','White','Dalton','Itag Lamb Open'),('900002000109008','AVD857','White','Dalton','Itag Lamb Open'),('900002000109044','AVD858','White','Dalton','Itag Lamb Open'),('900002000109031','AVD859','White','Dalton','Itag Lamb Open'),('900002000109026','AVD860','White','Dalton','Itag Lamb Open'),('900002000109036','AVD861','White','Dalton','Itag Lamb Open'),('900002000109048','AVD862','White','Dalton','Itag Lamb Open'),('900002000109047','AVD863','White','Dalton','Itag Lamb Open'),('900002000109050','AVD864','White','Dalton','Itag Lamb Open'),('900002000109011','AVD865','White','Dalton','Itag Lamb Open'),('900002000109079','AVD866','White','Dalton','Itag Lamb Open'),('900002000109033','AVD867','White','Dalton','Itag Lamb Open'),('900002000109081','AVD868','White','Dalton','Itag Lamb Open'),('900002000109012','AVD869','White','Dalton','Itag Lamb Open'),('900002000109004','AVD870','White','Dalton','Itag Lamb Open'),('900002000109055','AVD871','White','Dalton','Itag Lamb Open'),('900002000109049','AVD872','White','Dalton','Itag Lamb Open'),('900002000109045','AVD873','White','Dalton','Itag Lamb Open'),('900002000109034','AVD874','White','Dalton','Itag Lamb Open'),('900044000052834','AVD875','White','Dalton','Itag Lamb Open'),('900044000052866','AVD876','White','Dalton','Itag Lamb Open'),('900044000052946','AVD877','White','Dalton','Itag Lamb Open'),('900044000052934','AVD878','White','Dalton','Itag Lamb Open'),('900044000052865','AVD879','White','Dalton','Itag Lamb Open'),('900044000052871','AVD880','White','Dalton','Itag Lamb Open'),('900044000052826','AVD881','White','Dalton','Itag Lamb Open'),('900044000052864','AVD882','White','Dalton','Itag Lamb Open'),('900044000052944','AVD883','White','Dalton','Itag Lamb Open'),('900044000052773','AVD884','White','Dalton','Itag Lamb Open'),('900044000052898','AVD885','White','Dalton','Itag Lamb Open'),('900044000052765','AVD886','White','Dalton','Itag Lamb Open'),('900044000052904','AVD887','White','Dalton','Itag Lamb Open'),('900044000052919','AVD888','White','Dalton','Itag Lamb Open'),('900044000052882','AVD889','White','Dalton','Itag Lamb Open'),('900044000052873','AVD890','White','Dalton','Itag Lamb Open'),('900044000052915','AVD891','White','Dalton','Itag Lamb Open'),('900044000052777','AVD892','White','Dalton','Itag Lamb Open'),('900044000052780','AVD893','White','Dalton','Itag Lamb Open'),('900044000052880','AVD894','White','Dalton','Itag Lamb Open'),('900044000052848','AVD895','White','Dalton','Itag Lamb Open'),('900044000052869','AVD896','White','Dalton','Itag Lamb Open'),('900044000052828','AVD897','White','Dalton','Itag Lamb Open'),('900044000052877','AVD898','White','Dalton','Itag Lamb Open'),('900044000052860','AVD899','White','Dalton','Itag Lamb Open'),('900044000052853','AVD900','White','Dalton','Itag Lamb Open'),('900044000052931','AVD901','White','Dalton','Itag Lamb Open'),('900044000052895','AVD902','White','Dalton','Itag Lamb Open'),('900044000052879','AVD903','White','Dalton','Itag Lamb Open'),('900044000052841','AVD904','White','Dalton','Itag Lamb Open'),('900044000052861','AVD905','White','Dalton','Itag Lamb Open'),('900044000052786','AVD906','White','Dalton','Itag Lamb Open'),('900044000052883','AVD907','White','Dalton','Itag Lamb Open'),('900044000052876','AVD908','White','Dalton','Itag Lamb Open'),('900044000052862','AVD909','White','Dalton','Itag Lamb Open'),('900044000052858','AVD910','White','Dalton','Itag Lamb Open'),('900044000052794','AVD911','White','Dalton','Itag Lamb Open'),('900044000052783','AVD912','White','Dalton','Itag Lamb Open'),('900044000052893','AVD913','White','Dalton','Itag Lamb Open'),('900044000052784','AVD914','White','Dalton','Itag Lamb Open'),('900044000052787','AVD915','White','Dalton','Itag Lamb Open'),('900044000052859','AVD916','White','Dalton','Itag Lamb Open'),('900044000052897','AVD917','White','Dalton','Itag Lamb Open'),('900044000052851','AVD918','White','Dalton','Itag Lamb Open'),('900044000052807','AVD919','White','Dalton','Itag Lamb Open'),('900044000052839','AVD920','White','Dalton','Itag Lamb Open'),('900044000052813','AVD921','White','Dalton','Itag Lamb Open'),('900044000052821','AVD922','White','Dalton','Itag Lamb Open'),('900044000052868','AVD923','White','Dalton','Itag Lamb Open'),('900044000052818','AVD924','White','Dalton','Itag Lamb Open'),('900044000052791','AVD925','White','Dalton','Itag Lamb Open'),('900044000052888','AVD926','White','Dalton','Itag Lamb Open'),('900044000052940','AVD927','White','Dalton','Itag Lamb Open'),('900044000052778','AVD928','White','Dalton','Itag Lamb Open'),('900044000052825','AVD929','White','Dalton','Itag Lamb Open'),('900044000052874','AVD930','White','Dalton','Itag Lamb Open'),('900044000052948','AVD931','White','Dalton','Itag Lamb Open'),('900044000052749','AVD932','White','Dalton','Itag Lamb Open'),('900044000052909','AVD933','White','Dalton','Itag Lamb Open'),('900044000052785','AVD934','White','Dalton','Itag Lamb Open'),('900044000052774','AVD935','White','Dalton','Itag Lamb Open'),('900044000052782','AVD936','White','Dalton','Itag Lamb Open'),('900044000052878','AVD937','White','Dalton','Itag Lamb Open'),('900044000052870','AVD938','White','Dalton','Itag Lamb Open'),('900044000052829','AVD939','White','Dalton','Itag Lamb Open'),('900044000052827','AVD940','White','Dalton','Itag Lamb Open'),('900044000052819','AVD941','White','Dalton','Itag Lamb Open'),('900044000052796','AVD942','White','Dalton','Itag Lamb Open'),('900044000052751','AVD943','White','Dalton','Itag Lamb Open'),('900044000052758','AVD944','White','Dalton','Itag Lamb Open'),('900044000052757','AVD945','White','Dalton','Itag Lamb Open'),('900044000052792','AVD946','White','Dalton','Itag Lamb Open'),('900044000052793','AVD947','White','Dalton','Itag Lamb Open'),('900044000052832','AVD948','White','Dalton','Itag Lamb Open'),('900044000052763','AVD949','White','Dalton','Itag Lamb Open'),('900044000052840','AVD950','White','Dalton','Itag Lamb Open'),('900044000052809','AVD951','White','Dalton','Itag Lamb Open'),('900044000052803','AVD952','White','Dalton','Itag Lamb Open'),('900044000052779','AVD953','White','Dalton','Itag Lamb Open'),('900044000052752','AVD954','White','Dalton','Itag Lamb Open'),('900044000052844','AVD955','White','Dalton','Itag Lamb Open'),('900044000052843','AVD956','White','Dalton','Itag Lamb Open'),('900044000052802','AVD957','White','Dalton','Itag Lamb Open'),('900044000052800','AVD958','White','Dalton','Itag Lamb Open'),('900044000052811','AVD959','White','Dalton','Itag Lamb Open'),('900044000052812','AVD960','White','Dalton','Itag Lamb Open'),('900044000052838','AVD961','White','Dalton','Itag Lamb Open'),('900044000052835','AVD962','White','Dalton','Itag Lamb Open'),('900044000052820','AVD963','White','Dalton','Itag Lamb Open'),('900044000052768','AVD964','White','Dalton','Itag Lamb Open'),('900044000052771','AVD965','White','Dalton','Itag Lamb Open'),('900044000052790','AVD966','White','Dalton','Itag Lamb Open'),('900044000052797','AVD967','White','Dalton','Itag Lamb Open'),('900044000052755','AVD968','White','Dalton','Itag Lamb Open'),('900044000052833','AVD969','White','Dalton','Itag Lamb Open'),('900044000052824','AVD970','White','Dalton','Itag Lamb Open'),('900044000052817','AVD971','White','Dalton','Itag Lamb Open'),('900044000052799','AVD972','White','Dalton','Itag Lamb Open'),('900044000052761','AVD973','White','Dalton','Itag Lamb Open'),('900044000052795','AVD974','White','Dalton','Itag Lamb Open'),('900044000052769','AVD975','White','Dalton','Itag Lamb Open'),('900044000052846','AVD976','White','Dalton','Itag Lamb Open'),('900044000052775','AVD977','White','Dalton','Itag Lamb Open'),('900044000052830','AVD978','White','Dalton','Itag Lamb Open'),('900044000052760','AVD979','White','Dalton','Itag Lamb Open'),('900044000052767','AVD980','White','Dalton','Itag Lamb Open'),('900044000052750','AVD981','White','Dalton','Itag Lamb Open'),('900044000052805','AVD982','White','Dalton','Itag Lamb Open'),('900044000052766','AVD983','White','Dalton','Itag Lamb Open'),('900044000052798','AVD984','White','Dalton','Itag Lamb Open'),('900044000052823','AVD985','White','Dalton','Itag Lamb Open'),('900044000052789','AVD986','White','Dalton','Itag Lamb Open'),('900044000052759','AVD987','White','Dalton','Itag Lamb Open'),('900044000052764','AVD988','White','Dalton','Itag Lamb Open'),('900044000052772','AVD989','White','Dalton','Itag Lamb Open'),('900044000052808','AVD990','White','Dalton','Itag Lamb Open'),('900044000052762','AVD991','White','Dalton','Itag Lamb Open'),('900044000052816','AVD992','White','Dalton','Itag Lamb Open'),('900044000052754','AVD993','White','Dalton','Itag Lamb Open'),('900044000052753','AVD994','White','Dalton','Itag Lamb Open'),('900044000052776','AVD995','White','Dalton','Itag Lamb Open'),('900044000054805','AVD996','White','Dalton','Itag Lamb Open'),('900044000054840','AVD997','White','Dalton','Itag Lamb Open'),('900002000098591','AVD998','White','Dalton','Itag Lamb Open'),('900044000054829','AVD999','White','Dalton','Itag Lamb Open'),('966000000012655','AVD001','Yellow','Ritchey','RD2000 EID'),('966000000012692','AVD002','Yellow','Ritchey','RD2000 EID'),('966000000012700','AVD003','Yellow','Ritchey','RD2000 EID'),('966000000012699','AVD004','Yellow','Ritchey','RD2000 EID'),('966000000012661','AVD005','Yellow','Ritchey','RD2000 EID'),('966000000012623','AVD006','Yellow','Ritchey','RD2000 EID'),('966000000012624','AVD007','Yellow','Ritchey','RD2000 EID'),('966000000012662','AVD008','Yellow','Ritchey','RD2000 EID'),('966000000012631','AVD009','Yellow','Ritchey','RD2000 EID'),('966000000012613','AVD010','Yellow','Ritchey','RD2000 EID'),('966000000012605','AVD011','Yellow','Ritchey','RD2000 EID'),('966000000012666','AVD012','Yellow','Ritchey','RD2000 EID'),('966000000012663','AVD013','Yellow','Ritchey','RD2000 EID'),('966000000012686','AVD014','Yellow','Ritchey','RD2000 EID'),('966000000012654','AVD015','Yellow','Ritchey','RD2000 EID'),('966000000012619','AVD016','Yellow','Ritchey','RD2000 EID'),('966000000012626','AVD017','Yellow','Ritchey','RD2000 EID'),('966000000012638','AVD018','Yellow','Ritchey','RD2000 EID'),('966000000012606','AVD019','Yellow','Ritchey','RD2000 EID'),('966000000012625','AVD020','Yellow','Ritchey','RD2000 EID'),('966000000019163','AVD021','Yellow','Ritchey','RD2000 EID'),('966000000019136','AVD022','Yellow','Ritchey','RD2000 EID'),('966000000019126','AVD023','Yellow','Ritchey','RD2000 EID'),('966000000019112','AVD024','Yellow','Ritchey','RD2000 EID'),('966000000019114','AVD025','Yellow','Ritchey','RD2000 EID'),('966000000019141','AVD026','Yellow','Ritchey','RD2000 EID'),('966000000019146','AVD027','Yellow','Ritchey','RD2000 EID'),('966000000019123','AVD028','Yellow','Ritchey','RD2000 EID'),('966000000019166','AVD029','Yellow','Ritchey','RD2000 EID'),('966000000019103','AVD030','Yellow','Ritchey','RD2000 EID'),('966000000019148','AVD031','Yellow','Ritchey','RD2000 EID'),('966000000019160','AVD032','Yellow','Ritchey','RD2000 EID'),('966000000019133','AVD033','Yellow','Ritchey','RD2000 EID'),('966000000019113','AVD034','Yellow','Ritchey','RD2000 EID'),('966000000019111','AVD035','Yellow','Ritchey','RD2000 EID'),('966000000019102','AVD036','Yellow','Ritchey','RD2000 EID'),('966000000019129','AVD037','Yellow','Ritchey','RD2000 EID'),('966000000019118','AVD038','Yellow','Ritchey','RD2000 EID'),('966000000019108','AVD039','Yellow','Ritchey','RD2000 EID'),('966000000019144','AVD040','Yellow','Ritchey','RD2000 EID'),('966000000019142','AVD041','Yellow','Ritchey','RD2000 EID'),('966000000019134','AVD042','Yellow','Ritchey','RD2000 EID'),('966000000019106','AVD043','Yellow','Ritchey','RD2000 EID'),('966000000019159','AVD044','Yellow','Ritchey','RD2000 EID'),('966000000019139','AVD045','Yellow','Ritchey','RD2000 EID'),('966000000019151','AVD046','Yellow','Ritchey','RD2000 EID'),('966000000019127','AVD047','Yellow','Ritchey','RD2000 EID'),('966000000019147','AVD048','Yellow','Ritchey','RD2000 EID'),('966000000019182','AVD049','Yellow','Ritchey','RD2000 EID'),('966000000019164','AVD050','Yellow','Ritchey','RD2000 EID'),('966000000019170','AVD051','Yellow','Ritchey','RD2000 EID'),('966000000019115','AVD052','Yellow','Ritchey','RD2000 EID'),('966000000019135','AVD053','Yellow','Ritchey','RD2000 EID'),('966000000019193','AVD054','Yellow','Ritchey','RD2000 EID'),('966000000019120','AVD055','Yellow','Ritchey','RD2000 EID'),('966000000019117','AVD056','Yellow','Ritchey','RD2000 EID'),('966000000019183','AVD057','Yellow','Ritchey','RD2000 EID'),('966000000019176','AVD058','Yellow','Ritchey','RD2000 EID'),('966000000019157','AVD059','Yellow','Ritchey','RD2000 EID'),('966000000019105','AVD060','Yellow','Ritchey','RD2000 EID'),('966000000012642','AVD061','Yellow','Ritchey','RD2000 EID'),('966000000012641','AVD062','Yellow','Ritchey','RD2000 EID'),('966000000012633','AVD063','Yellow','Ritchey','RD2000 EID'),('966000000012627','AVD064','Yellow','Ritchey','RD2000 EID'),('966000000012650','AVD065','Yellow','Ritchey','RD2000 EID'),('966000000012611','AVD066','Yellow','Ritchey','RD2000 EID'),('966000000012621','AVD067','Yellow','Ritchey','RD2000 EID'),('966000000012603','AVD068','Yellow','Ritchey','RD2000 EID'),('966000000012622','AVD069','Yellow','Ritchey','RD2000 EID'),('966000000012608','AVD070','Yellow','Ritchey','RD2000 EID'),('966000000012669','AVD071','Yellow','Ritchey','RD2000 EID'),('966000000012634','AVD072','Yellow','Ritchey','RD2000 EID'),('966000000012609','AVD073','Yellow','Ritchey','RD2000 EID'),('966000000012629','AVD074','Yellow','Ritchey','RD2000 EID'),('966000000012646','AVD075','Yellow','Ritchey','RD2000 EID'),('966000000012656','AVD076','Yellow','Ritchey','RD2000 EID'),('966000000012615','AVD077','Yellow','Ritchey','RD2000 EID'),('966000000012660','AVD078','Yellow','Ritchey','RD2000 EID'),('966000000012647','AVD079','Yellow','Ritchey','RD2000 EID'),('966000000012644','AVD080','Yellow','Ritchey','RD2000 EID'),('966000000019130','AVD081','Yellow','Ritchey','RD2000 EID'),('966000000019185','AVD082','Yellow','Ritchey','RD2000 EID'),('966000000019179','AVD083','Yellow','Ritchey','RD2000 EID'),('966000000019172','AVD084','Yellow','Ritchey','RD2000 EID'),('966000000019173','AVD085','Yellow','Ritchey','RD2000 EID'),('966000000019195','AVD086','Yellow','Ritchey','RD2000 EID'),('966000000019175','AVD087','Yellow','Ritchey','RD2000 EID'),('966000000019196','AVD088','Yellow','Ritchey','RD2000 EID'),('966000000019124','AVD089','Yellow','Ritchey','RD2000 EID'),('966000000019125','AVD090','Yellow','Ritchey','RD2000 EID'),('966000000019200','AVD091','Yellow','Ritchey','RD2000 EID'),('966000000019167','AVD092','Yellow','Ritchey','RD2000 EID'),('966000000019199','AVD093','Yellow','Ritchey','RD2000 EID'),('966000000019169','AVD094','Yellow','Ritchey','RD2000 EID'),('966000000019162','AVD095','Yellow','Ritchey','RD2000 EID'),('966000000019178','AVD096','Yellow','Ritchey','RD2000 EID'),('966000000019189','AVD097','Yellow','Ritchey','RD2000 EID'),('966000000019180','AVD098','Yellow','Ritchey','RD2000 EID'),('966000000019190','AVD099','Yellow','Ritchey','RD2000 EID'),('966000000019155','AVD100','Yellow','Ritchey','RD2000 EID'),('966000000019171','AVD101','Yellow','Ritchey','RD2000 EID'),('966000000019191','AVD102','Yellow','Ritchey','RD2000 EID'),('966000000019194','AVD103','Yellow','Ritchey','RD2000 EID'),('966000000019198','AVD104','Yellow','Ritchey','RD2000 EID'),('966000000019197','AVD105','Yellow','Ritchey','RD2000 EID'),('966000000019177','AVD106','Yellow','Ritchey','RD2000 EID'),('966000000019153','AVD107','Yellow','Ritchey','RD2000 EID'),('966000000019223','AVD108','Yellow','Ritchey','RD2000 EID'),('966000000019302','AVD109','Yellow','Ritchey','RD2000 EID'),('966000000019248','AVD110','Yellow','Ritchey','RD2000 EID'),('966000000019204','AVD111','Yellow','Ritchey','RD2000 EID'),('966000000019354','AVD112','Yellow','Ritchey','RD2000 EID'),('966000000019281','AVD113','Yellow','Ritchey','RD2000 EID'),('966000000019344','AVD114','Yellow','Ritchey','RD2000 EID'),('966000000019288','AVD115','Yellow','Ritchey','RD2000 EID'),('966000000019215','AVD116','Yellow','Ritchey','RD2000 EID'),('966000000019237','AVD117','Yellow','Ritchey','RD2000 EID'),('966000000019284','AVD118','Yellow','Ritchey','RD2000 EID'),('966000000019205','AVD119','Yellow','Ritchey','RD2000 EID'),('966000000019273','AVD120','Yellow','Ritchey','RD2000 EID'),('966000000019255','AVD121','Yellow','Ritchey','RD2000 EID'),('966000000019381','AVD122','Yellow','Ritchey','RD2000 EID'),('966000000019218','AVD123','Yellow','Ritchey','RD2000 EID'),('966000000019318','AVD124','Yellow','Ritchey','RD2000 EID'),('966000000019257','AVD125','Yellow','Ritchey','RD2000 EID'),('966000000019225','AVD126','Yellow','Ritchey','RD2000 EID'),('966000000019319','AVD127','Yellow','Ritchey','RD2000 EID'),('966000000019264','AVD128','Yellow','Ritchey','RD2000 EID'),('966000000019366','AVD129','Yellow','Ritchey','RD2000 EID'),('966000000019245','AVD130','Yellow','Ritchey','RD2000 EID'),('966000000019235','AVD131','Yellow','Ritchey','RD2000 EID'),('966000000019309','AVD132','Yellow','Ritchey','RD2000 EID'),('966000000019374','AVD133','Yellow','Ritchey','RD2000 EID'),('966000000019272','AVD134','Yellow','Ritchey','RD2000 EID'),('966000000019263','AVD135','Yellow','Ritchey','RD2000 EID'),('966000000019375','AVD136','Yellow','Ritchey','RD2000 EID'),('966000000019270','AVD137','Yellow','Ritchey','RD2000 EID'),('966000000019361','AVD138','Yellow','Ritchey','RD2000 EID'),('966000000019321','AVD139','Yellow','Ritchey','RD2000 EID'),('966000000019266','AVD140','Yellow','Ritchey','RD2000 EID'),('966000000012612','AVD141','Yellow','Ritchey','RD2000 EID'),('966000000012664','AVD142','Yellow','Ritchey','RD2000 EID'),('966000000012635','AVD143','Yellow','Ritchey','RD2000 EID'),('966000000012637','AVD144','Yellow','Ritchey','RD2000 EID'),('966000000012636','AVD145','Yellow','Ritchey','RD2000 EID'),('966000000012604','AVD146','Yellow','Ritchey','RD2000 EID'),('966000000012676','AVD147','Yellow','Ritchey','RD2000 EID'),('966000000012620','AVD148','Yellow','Ritchey','RD2000 EID'),('966000000012607','AVD149','Yellow','Ritchey','RD2000 EID'),('966000000012628','AVD150','Yellow','Ritchey','RD2000 EID'),('966000000012645','AVD151','Yellow','Ritchey','RD2000 EID'),('966000000012640','AVD152','Yellow','Ritchey','RD2000 EID'),('966000000012648','AVD153','Yellow','Ritchey','RD2000 EID'),('966000000012632','AVD154','Yellow','Ritchey','RD2000 EID'),('966000000012602','AVD155','Yellow','Ritchey','RD2000 EID'),('966000000012668','AVD156','Yellow','Ritchey','RD2000 EID'),('966000000012643','AVD157','Yellow','Ritchey','RD2000 EID'),('966000000012649','AVD158','Yellow','Ritchey','RD2000 EID'),('966000000012617','AVD159','Yellow','Ritchey','RD2000 EID'),('966000000012614','AVD160','Yellow','Ritchey','RD2000 EID'),('966000000012672','AVD161','Yellow','Ritchey','RD2000 EID'),('966000000012681','AVD162','Yellow','Ritchey','RD2000 EID'),('966000000012630','AVD163','Yellow','Ritchey','RD2000 EID'),('966000000012616','AVD164','Yellow','Ritchey','RD2000 EID'),('966000000012610','AVD165','Yellow','Ritchey','RD2000 EID'),('966000000012618','AVD166','Yellow','Ritchey','RD2000 EID'),('966000000012601','AVD167','Yellow','Ritchey','RD2000 EID'),('966000000019137','AVD168','Yellow','Ritchey','RD2000 EID'),('966000000019149','AVD169','Yellow','Ritchey','RD2000 EID'),('966000000019145','AVD170','Yellow','Ritchey','RD2000 EID'),('966000000019131','AVD171','Yellow','Ritchey','RD2000 EID'),('966000000019107','AVD172','Yellow','Ritchey','RD2000 EID'),('966000000019138','AVD173','Yellow','Ritchey','RD2000 EID'),('966000000019143','AVD174','Yellow','Ritchey','RD2000 EID'),('966000000019116','AVD175','Yellow','Ritchey','RD2000 EID'),('966000000019109','AVD176','Yellow','Ritchey','RD2000 EID'),('966000000019132','AVD177','Yellow','Ritchey','RD2000 EID'),('966000000019121','AVD178','Yellow','Ritchey','RD2000 EID'),('966000000019128','AVD179','Yellow','Ritchey','RD2000 EID'),('966000000019140','AVD180','Yellow','Ritchey','RD2000 EID'),('966000000019187','AVD181','Yellow','Ritchey','RD2000 EID'),('966000000019150','AVD182','Yellow','Ritchey','RD2000 EID'),('966000000019152','AVD183','Yellow','Ritchey','RD2000 EID'),('966000000019119','AVD184','Yellow','Ritchey','RD2000 EID'),('966000000019165','AVD185','Yellow','Ritchey','RD2000 EID'),('966000000019161','AVD186','Yellow','Ritchey','RD2000 EID'),('966000000019104','AVD187','Yellow','Ritchey','RD2000 EID'),('966000000019184','AVD188','Yellow','Ritchey','RD2000 EID'),('966000000019181','AVD189','Yellow','Ritchey','RD2000 EID'),('966000000019158','AVD190','Yellow','Ritchey','RD2000 EID'),('966000000019110','AVD191','Yellow','Ritchey','RD2000 EID'),('966000000019174','AVD192','Yellow','Ritchey','RD2000 EID'),('966000000019154','AVD193','Yellow','Ritchey','RD2000 EID'),('966000000019192','AVD194','Yellow','Ritchey','RD2000 EID'),('966000000019101','AVD195','Yellow','Ritchey','RD2000 EID'),('966000000019156','AVD196','Yellow','Ritchey','RD2000 EID'),('966000000019122','AVD197','Yellow','Ritchey','RD2000 EID'),('966000000019168','AVD198','Yellow','Ritchey','RD2000 EID'),('966000000019186','AVD199','Yellow','Ritchey','RD2000 EID'),('966000000019188','AVD200','Yellow','Ritchey','RD2000 EID');
/*!40000 ALTER TABLE `tags` ENABLE KEYS */;
UNLOCK TABLES;

--
-- Final view structure for view `active_animals`
--

/*!50001 DROP TABLE `active_animals`*/;
/*!50001 DROP VIEW IF EXISTS `active_animals`*/;
/*!50001 SET @saved_cs_client          = @@character_set_client */;
/*!50001 SET @saved_cs_results         = @@character_set_results */;
/*!50001 SET @saved_col_connection     = @@collation_connection */;
/*!50001 SET character_set_client      = latin1 */;
/*!50001 SET character_set_results     = latin1 */;
/*!50001 SET collation_connection      = latin1_swedish_ci */;
/*!50001 CREATE ALGORITHM=UNDEFINED */
/*!50013 DEFINER=`root`@`localhost` SQL SECURITY DEFINER */
/*!50001 VIEW `active_animals` AS select `a`.`tag` AS `tag`,`a`.`date_of_birth` AS `date_of_birth`,`a`.`sex` AS `sex`,`a`.`species` AS `species`,`a`.`owner` AS `owner`,`a`.`location` AS `location`,`m`.`id` AS `id`,`m`.`animal` AS `animal`,`m`.`approximate_age` AS `approximate_age`,`m`.`measure_time` AS `measure_time`,`m`.`comment` AS `comment` from (`animals` `a` join `animal_measures` `m` on((`a`.`tag` = `m`.`animal`))) where (not(`a`.`tag` in (select `tag_replacements`.`replaces` AS `replaces` from `tag_replacements`))) */;
/*!50001 SET character_set_client      = @saved_cs_client */;
/*!50001 SET character_set_results     = @saved_cs_results */;
/*!50001 SET collation_connection      = @saved_col_connection */;

--
-- Final view structure for view `active_samples`
--

/*!50001 DROP TABLE `active_samples`*/;
/*!50001 DROP VIEW IF EXISTS `active_samples`*/;
/*!50001 SET @saved_cs_client          = @@character_set_client */;
/*!50001 SET @saved_cs_results         = @@character_set_results */;
/*!50001 SET @saved_col_connection     = @@collation_connection */;
/*!50001 SET character_set_client      = latin1 */;
/*!50001 SET character_set_results     = latin1 */;
/*!50001 SET collation_connection      = latin1_swedish_ci */;
/*!50001 CREATE ALGORITHM=UNDEFINED */
/*!50013 DEFINER=`root`@`localhost` SQL SECURITY DEFINER */
/*!50001 VIEW `active_samples` AS select concat(`samples`.`prefix`,`samples`.`barcode`) AS `barcode`,`samples`.`tag_read` AS `tag_read`,`samples`.`sample_time` AS `sample_time`,`samples`.`latitude` AS `latitude`,`samples`.`longtitude` AS `longtitude`,`samples`.`altitude` AS `altitude`,`samples`.`hdop` AS `hdop`,`samples`.`satellites` AS `satellites`,`samples`.`comment` AS `comment` from `samples` where (not(concat(`samples`.`prefix`,`samples`.`barcode`) in (select concat(`deleted_samples`.`prefix`,`deleted_samples`.`barcode`) AS `CONCAT(prefix, barcode)` from `deleted_samples`))) */;
/*!50001 SET character_set_client      = @saved_cs_client */;
/*!50001 SET character_set_results     = @saved_cs_results */;
/*!50001 SET collation_connection      = @saved_col_connection */;

--
-- Final view structure for view `active_tags`
--

/*!50001 DROP TABLE `active_tags`*/;
/*!50001 DROP VIEW IF EXISTS `active_tags`*/;
/*!50001 SET @saved_cs_client          = @@character_set_client */;
/*!50001 SET @saved_cs_results         = @@character_set_results */;
/*!50001 SET @saved_col_connection     = @@collation_connection */;
/*!50001 SET character_set_client      = latin1 */;
/*!50001 SET character_set_results     = latin1 */;
/*!50001 SET collation_connection      = latin1_swedish_ci */;
/*!50001 CREATE ALGORITHM=UNDEFINED */
/*!50013 DEFINER=`root`@`localhost` SQL SECURITY DEFINER */
/*!50001 VIEW `active_tags` AS select `tags`.`rfid` AS `rfid`,`tags`.`label` AS `label`,`tags`.`color` AS `color`,`tags`.`supplier` AS `supplier`,`tags`.`type` AS `type` from `tags` where (not(`tags`.`label` in (select `tag_replacements`.`replaces` AS `replaces` from `tag_replacements`))) union select `tag_replacements`.`rfid` AS `rfid`,`tag_replacements`.`label` AS `label`,`tag_replacements`.`color` AS `color`,`tag_replacements`.`supplier` AS `supplier`,`tag_replacements`.`type` AS `type` from `tag_replacements` where (not(`tag_replacements`.`label` in (select `tag_replacements`.`replaces` AS `replaces` from `tag_replacements`))) */;
/*!50001 SET character_set_client      = @saved_cs_client */;
/*!50001 SET character_set_results     = @saved_cs_results */;
/*!50001 SET collation_connection      = @saved_col_connection */;

--
-- Final view structure for view `export_animals`
--

/*!50001 DROP TABLE `export_animals`*/;
/*!50001 DROP VIEW IF EXISTS `export_animals`*/;
/*!50001 SET @saved_cs_client          = @@character_set_client */;
/*!50001 SET @saved_cs_results         = @@character_set_results */;
/*!50001 SET @saved_col_connection     = @@collation_connection */;
/*!50001 SET character_set_client      = latin1 */;
/*!50001 SET character_set_results     = latin1 */;
/*!50001 SET collation_connection      = latin1_swedish_ci */;
/*!50001 CREATE ALGORITHM=UNDEFINED */
/*!50013 DEFINER=`root`@`localhost` SQL SECURITY DEFINER */
/*!50001 VIEW `export_animals` AS select `a`.`tag` AS `animal_id`,`a`.`species` AS `organism`,`b`.`approximate_age` AS `age`,`a`.`sex` AS `sex`,`c`.`replaces` AS `prev_tag`,`a`.`location` AS `location`,`b`.`comment` AS `comments` from ((`animals` `a` join `animal_measures` `b` on((`a`.`tag` = `b`.`animal`))) left join `tag_replacements` `c` on((`c`.`label` = `a`.`tag`))) where (not(`a`.`tag` in (select `tag_replacements`.`replaces` AS `replaces` from `tag_replacements`))) */;
/*!50001 SET character_set_client      = @saved_cs_client */;
/*!50001 SET character_set_results     = @saved_cs_results */;
/*!50001 SET collation_connection      = @saved_col_connection */;

--
-- Final view structure for view `export_samples`
--

/*!50001 DROP TABLE `export_samples`*/;
/*!50001 DROP VIEW IF EXISTS `export_samples`*/;
/*!50001 SET @saved_cs_client          = @@character_set_client */;
/*!50001 SET @saved_cs_results         = @@character_set_results */;
/*!50001 SET @saved_col_connection     = @@collation_connection */;
/*!50001 SET character_set_client      = latin1 */;
/*!50001 SET character_set_results     = latin1 */;
/*!50001 SET collation_connection      = latin1_swedish_ci */;
/*!50001 CREATE ALGORITHM=UNDEFINED */
/*!50013 DEFINER=`root`@`localhost` SQL SECURITY DEFINER */
/*!50001 VIEW `export_samples` AS select concat(`a`.`prefix`,`a`.`barcode`) AS `label`,`b`.`rfid` AS `animal_tag`,`a`.`latitude` AS `latitude`,`a`.`longtitude` AS `longtitude`,`a`.`altitude` AS `altitude`,`a`.`sample_time` AS `timestamp`,`a`.`comment` AS `comments` from (`samples` `a` join `tag_reads` `b` on((`a`.`tag_read` = `b`.`id`))) where (not(concat(`a`.`prefix`,`a`.`barcode`) in (select concat(`deleted_samples`.`prefix`,`deleted_samples`.`barcode`) AS `CONCAT(prefix, barcode)` from `deleted_samples`))) */;
/*!50001 SET character_set_client      = @saved_cs_client */;
/*!50001 SET character_set_results     = @saved_cs_results */;
/*!50001 SET collation_connection      = @saved_col_connection */;
/*!40103 SET TIME_ZONE=@OLD_TIME_ZONE */;

/*!40101 SET SQL_MODE=@OLD_SQL_MODE */;
/*!40014 SET FOREIGN_KEY_CHECKS=@OLD_FOREIGN_KEY_CHECKS */;
/*!40014 SET UNIQUE_CHECKS=@OLD_UNIQUE_CHECKS */;
/*!40101 SET CHARACTER_SET_CLIENT=@OLD_CHARACTER_SET_CLIENT */;
/*!40101 SET CHARACTER_SET_RESULTS=@OLD_CHARACTER_SET_RESULTS */;
/*!40101 SET COLLATION_CONNECTION=@OLD_COLLATION_CONNECTION */;
/*!40111 SET SQL_NOTES=@OLD_SQL_NOTES */;

-- Dump completed on 2010-04-05 23:29:27
