-- phpMyAdmin SQL Dump
-- version 3.4.0
-- http://www.phpmyadmin.net
--
-- Host: localhost
-- Generation Time: Jul 18, 2011 at 08:35 AM
-- Server version: 5.1.49
-- PHP Version: 5.3.3-1ubuntu9.5

SET SQL_MODE="NO_AUTO_VALUE_ON_ZERO";
SET time_zone = "+00:00";

--
-- Database: `dgea`
--

-- --------------------------------------------------------

--
-- Table structure for table `animal_reads`
--

CREATE TABLE IF NOT EXISTS `animal_reads` (
  `id` int(11) unsigned NOT NULL AUTO_INCREMENT,
  `animalId` int(11) NOT NULL,
  `gps_id` int(11) NOT NULL,
  `action` enum('adding','deleting') NOT NULL DEFAULT 'adding',
  PRIMARY KEY (`id`),
  KEY `gps_id` (`gps_id`),
  KEY `animalId` (`animalId`)
) ENGINE=InnoDB DEFAULT CHARSET=utf8 AUTO_INCREMENT=1 ;

-- --------------------------------------------------------

--
-- Table structure for table `dgea_animals`
--

CREATE TABLE IF NOT EXISTS `dgea_animals` (
  `id` int(11) NOT NULL AUTO_INCREMENT,
  `hhId` int(11) NOT NULL,
  `name` varchar(5) NOT NULL,
  PRIMARY KEY (`id`),
  UNIQUE KEY `hhId` (`hhId`,`name`)
) ENGINE=InnoDB  DEFAULT CHARSET=latin1 AUTO_INCREMENT=1825 ;

--
-- Dumping data for table `dgea_animals`
--

INSERT INTO `dgea_animals` (`id`, `hhId`, `name`) VALUES
(1, 1, 'B001'),
(716, 1, 'B002'),
(2, 2, 'B003'),
(717, 2, 'B004'),
(3, 3, 'B005'),
(718, 3, 'B006'),
(4, 4, 'B007'),
(719, 4, 'B008'),
(1431, 4, 'B009'),
(1694, 4, 'B010'),
(5, 5, 'B011'),
(720, 5, 'B012'),
(6, 6, 'B013'),
(721, 6, 'B014'),
(7, 7, 'B015'),
(722, 7, 'B016'),
(8, 8, 'B017'),
(723, 8, 'B018'),
(9, 9, 'B019'),
(724, 9, 'B020'),
(1432, 9, 'B021'),
(1695, 9, 'B022'),
(10, 10, 'B023'),
(725, 10, 'B024'),
(11, 11, 'B025'),
(726, 11, 'B026'),
(12, 12, 'B027'),
(727, 12, 'B028'),
(1433, 12, 'B029'),
(13, 13, 'B030'),
(728, 13, 'B031'),
(14, 14, 'B032'),
(729, 14, 'B033'),
(15, 15, 'B034'),
(730, 15, 'B035'),
(16, 16, 'B036'),
(731, 16, 'B037'),
(17, 17, 'B038'),
(732, 17, 'B039'),
(1434, 17, 'B040'),
(1696, 17, 'B041'),
(18, 18, 'B042'),
(733, 18, 'B043'),
(1435, 18, 'B044'),
(1697, 18, 'B045'),
(19, 19, 'B046'),
(734, 19, 'B047'),
(20, 20, 'B048'),
(735, 20, 'B049'),
(21, 21, 'B050'),
(736, 21, 'B051'),
(22, 22, 'B052'),
(737, 22, 'B053'),
(1436, 22, 'B054'),
(1698, 22, 'B055'),
(23, 23, 'B056'),
(738, 23, 'B057'),
(24, 24, 'B058'),
(739, 24, 'B059'),
(25, 25, 'B060'),
(740, 25, 'B061'),
(26, 26, 'B062'),
(741, 26, 'B063'),
(27, 27, 'B064'),
(742, 27, 'B065'),
(1437, 27, 'B066'),
(28, 28, 'B067'),
(743, 28, 'B068'),
(29, 29, 'B069'),
(744, 29, 'B070'),
(30, 30, 'B071'),
(745, 30, 'B072'),
(31, 31, 'B073'),
(746, 31, 'B074'),
(32, 32, 'B075'),
(747, 32, 'B076'),
(33, 33, 'B077'),
(748, 33, 'B078'),
(34, 34, 'B079'),
(749, 34, 'B080'),
(35, 35, 'B081'),
(750, 35, 'B082'),
(1438, 35, 'B083'),
(36, 36, 'B084'),
(751, 36, 'B085'),
(1439, 36, 'B086'),
(37, 37, 'B087'),
(752, 37, 'B088'),
(1440, 37, 'B089'),
(38, 38, 'B090'),
(753, 38, 'B091'),
(39, 39, 'B092'),
(754, 39, 'B093'),
(40, 40, 'B094'),
(755, 40, 'B095'),
(41, 41, 'B096'),
(756, 41, 'B097'),
(1441, 41, 'B098'),
(42, 42, 'B099'),
(757, 42, 'B100'),
(43, 43, 'B101'),
(758, 43, 'B102'),
(44, 44, 'B103'),
(759, 44, 'B104'),
(1442, 44, 'B105'),
(45, 45, 'B106'),
(760, 45, 'B107'),
(1443, 45, 'B108'),
(46, 46, 'B109'),
(761, 46, 'B110'),
(47, 47, 'B111'),
(762, 47, 'B112'),
(1444, 47, 'B113'),
(48, 48, 'B114'),
(763, 48, 'B115'),
(49, 49, 'B116'),
(764, 49, 'B117'),
(50, 50, 'B118'),
(765, 50, 'B119'),
(51, 51, 'B120'),
(766, 51, 'B121'),
(52, 52, 'B122'),
(767, 52, 'B123'),
(53, 53, 'B124'),
(768, 53, 'B125'),
(54, 54, 'B126'),
(769, 54, 'B127'),
(55, 55, 'B128'),
(770, 55, 'B129'),
(56, 56, 'B130'),
(771, 56, 'B131'),
(57, 57, 'B132'),
(772, 57, 'B133'),
(1445, 57, 'B134'),
(58, 58, 'B135'),
(773, 58, 'B136'),
(59, 59, 'B137'),
(774, 59, 'B138'),
(60, 60, 'B139'),
(775, 60, 'B140'),
(61, 61, 'B141'),
(776, 61, 'B142'),
(62, 62, 'B143'),
(777, 62, 'B144'),
(1446, 62, 'B145'),
(1699, 62, 'B146'),
(63, 63, 'B147'),
(778, 63, 'B148'),
(64, 64, 'B149'),
(779, 64, 'B150'),
(1447, 64, 'B151'),
(65, 65, 'B152'),
(780, 65, 'B153'),
(66, 66, 'B154'),
(781, 66, 'B155'),
(67, 67, 'B156'),
(782, 67, 'B157'),
(68, 68, 'B158'),
(783, 68, 'B159'),
(1448, 68, 'B160'),
(69, 69, 'B161'),
(784, 69, 'B162'),
(1449, 69, 'B163'),
(1700, 69, 'B164'),
(1784, 69, 'B165'),
(1809, 69, 'B166'),
(70, 70, 'B167'),
(785, 70, 'B168'),
(1450, 70, 'B169'),
(71, 71, 'B170'),
(786, 71, 'B171'),
(1451, 71, 'B172'),
(72, 72, 'B173'),
(787, 72, 'B174'),
(1452, 72, 'B175'),
(1701, 72, 'B176'),
(73, 73, 'B177'),
(788, 73, 'B178'),
(1453, 73, 'B179'),
(74, 74, 'B180'),
(789, 74, 'B181'),
(1454, 74, 'B182'),
(1702, 74, 'B183'),
(75, 75, 'B184'),
(790, 75, 'B185'),
(76, 76, 'B186'),
(791, 76, 'B187'),
(1455, 76, 'B188'),
(77, 77, 'B189'),
(792, 77, 'B190'),
(78, 78, 'B191'),
(793, 78, 'B192'),
(1456, 78, 'B193'),
(79, 79, 'B194'),
(794, 79, 'B195'),
(80, 80, 'B196'),
(795, 80, 'B197'),
(81, 81, 'B198'),
(796, 81, 'B199'),
(1457, 81, 'B200'),
(1703, 81, 'B201'),
(1785, 81, 'B202'),
(82, 82, 'B203'),
(797, 82, 'B204'),
(83, 83, 'B205'),
(798, 83, 'B206'),
(1458, 83, 'B207'),
(1704, 83, 'B208'),
(84, 84, 'B209'),
(799, 84, 'B210'),
(85, 85, 'B211'),
(800, 85, 'B212'),
(86, 86, 'B213'),
(801, 86, 'B214'),
(87, 87, 'B215'),
(802, 87, 'B216'),
(88, 88, 'B217'),
(803, 88, 'B218'),
(89, 89, 'B219'),
(804, 89, 'B220'),
(1459, 89, 'B221'),
(90, 90, 'B222'),
(805, 90, 'B223'),
(1460, 90, 'B224'),
(1705, 90, 'B225'),
(91, 91, 'B226'),
(806, 91, 'B227'),
(92, 92, 'B228'),
(807, 92, 'B229'),
(1461, 92, 'B230'),
(93, 93, 'B231'),
(808, 93, 'B232'),
(94, 94, 'B233'),
(809, 94, 'B234'),
(95, 95, 'B235'),
(810, 95, 'B236'),
(96, 96, 'B237'),
(811, 96, 'B238'),
(97, 97, 'B239'),
(812, 97, 'B240'),
(98, 98, 'B241'),
(813, 98, 'B242'),
(99, 99, 'B243'),
(814, 99, 'B244'),
(100, 100, 'B245'),
(815, 100, 'B246'),
(1462, 100, 'B247'),
(101, 101, 'B248'),
(816, 101, 'B249'),
(102, 102, 'B250'),
(817, 102, 'B251'),
(103, 103, 'B252'),
(818, 103, 'B253'),
(104, 104, 'B254'),
(819, 104, 'B255'),
(105, 105, 'B256'),
(820, 105, 'B257'),
(106, 106, 'B258'),
(821, 106, 'B259'),
(1463, 106, 'B260'),
(107, 107, 'B261'),
(822, 107, 'B262'),
(108, 108, 'B263'),
(823, 108, 'B264'),
(1464, 108, 'B265'),
(109, 109, 'B266'),
(824, 109, 'B267'),
(1465, 109, 'B268'),
(1706, 109, 'B269'),
(110, 110, 'B270'),
(825, 110, 'B271'),
(111, 111, 'B272'),
(826, 111, 'B273'),
(112, 112, 'B274'),
(827, 112, 'B275'),
(113, 113, 'B276'),
(828, 113, 'B277'),
(114, 114, 'B278'),
(829, 114, 'B279'),
(115, 115, 'B280'),
(830, 115, 'B281'),
(116, 116, 'B282'),
(831, 116, 'B283'),
(1466, 116, 'B284'),
(1707, 116, 'B285'),
(1786, 116, 'B286'),
(117, 117, 'B287'),
(832, 117, 'B288'),
(118, 118, 'B289'),
(833, 118, 'B290'),
(119, 119, 'B291'),
(834, 119, 'B292'),
(120, 120, 'B293'),
(835, 120, 'B294'),
(121, 121, 'B295'),
(836, 121, 'B296'),
(1467, 121, 'B297'),
(122, 122, 'B298'),
(837, 122, 'B299'),
(123, 123, 'B300'),
(838, 123, 'B301'),
(124, 124, 'B302'),
(839, 124, 'B303'),
(125, 125, 'B304'),
(840, 125, 'B305'),
(126, 126, 'B306'),
(841, 126, 'B307'),
(127, 127, 'B308'),
(842, 127, 'B309'),
(128, 128, 'B310'),
(843, 128, 'B311'),
(1468, 128, 'B312'),
(1708, 128, 'B313'),
(129, 129, 'B314'),
(844, 129, 'B315'),
(130, 130, 'B316'),
(845, 130, 'B317'),
(1469, 130, 'B318'),
(131, 131, 'B319'),
(846, 131, 'B320'),
(1470, 131, 'B321'),
(132, 132, 'B322'),
(847, 132, 'B323'),
(133, 133, 'B324'),
(848, 133, 'B325'),
(1471, 133, 'B326'),
(1709, 133, 'B327'),
(134, 134, 'B328'),
(849, 134, 'B329'),
(135, 135, 'B330'),
(850, 135, 'B331'),
(1472, 135, 'B332'),
(136, 136, 'B333'),
(851, 136, 'B334'),
(1473, 136, 'B335'),
(137, 137, 'B336'),
(852, 137, 'B337'),
(1474, 137, 'B338'),
(1710, 137, 'B339'),
(138, 138, 'K001'),
(853, 138, 'K002'),
(1475, 138, 'K003'),
(1711, 138, 'K004'),
(139, 139, 'K005'),
(854, 139, 'K006'),
(140, 140, 'K007'),
(855, 140, 'K008'),
(141, 141, 'K009'),
(856, 141, 'K010'),
(142, 142, 'K011'),
(857, 142, 'K012'),
(143, 143, 'K013'),
(858, 143, 'K014'),
(144, 144, 'K015'),
(859, 144, 'K016'),
(1476, 144, 'K017'),
(1712, 144, 'K018'),
(145, 145, 'K019'),
(860, 145, 'K020'),
(1477, 145, 'K021'),
(146, 146, 'K022'),
(861, 146, 'K023'),
(1478, 146, 'K024'),
(147, 147, 'K025'),
(862, 147, 'K026'),
(148, 148, 'K027'),
(863, 148, 'K028'),
(1479, 148, 'K029'),
(1713, 148, 'K030'),
(149, 149, 'K031'),
(864, 149, 'K032'),
(150, 150, 'K033'),
(865, 150, 'K034'),
(151, 151, 'K035'),
(866, 151, 'K036'),
(152, 152, 'K037'),
(867, 152, 'K038'),
(153, 153, 'K039'),
(868, 153, 'K040'),
(154, 154, 'K041'),
(869, 154, 'K042'),
(1480, 154, 'K043'),
(155, 155, 'K044'),
(870, 155, 'K045'),
(156, 156, 'K046'),
(871, 156, 'K047'),
(1481, 156, 'K048'),
(157, 157, 'K049'),
(872, 157, 'K050'),
(1482, 157, 'K051'),
(158, 158, 'K052'),
(873, 158, 'K053'),
(1483, 158, 'K054'),
(159, 159, 'K055'),
(874, 159, 'K056'),
(160, 160, 'K057'),
(875, 160, 'K058'),
(161, 161, 'K059'),
(876, 161, 'K060'),
(162, 162, 'K061'),
(877, 162, 'K062'),
(1484, 162, 'K063'),
(163, 163, 'K064'),
(878, 163, 'K065'),
(164, 164, 'K066'),
(879, 164, 'K067'),
(1485, 164, 'K068'),
(165, 165, 'K069'),
(880, 165, 'K070'),
(166, 166, 'K071'),
(881, 166, 'K072'),
(167, 167, 'K073'),
(882, 167, 'K074'),
(168, 168, 'K075'),
(883, 168, 'K076'),
(169, 169, 'K077'),
(884, 169, 'K078'),
(1486, 169, 'K079'),
(170, 170, 'K080'),
(885, 170, 'K081'),
(171, 171, 'K082'),
(886, 171, 'K083'),
(1487, 171, 'K084'),
(1714, 171, 'K085'),
(172, 172, 'K086'),
(887, 172, 'K087'),
(173, 173, 'K088'),
(888, 173, 'K089'),
(1488, 173, 'K090'),
(174, 174, 'K091'),
(889, 174, 'K092'),
(175, 175, 'K093'),
(890, 175, 'K094'),
(176, 176, 'K095'),
(891, 176, 'K096'),
(1489, 176, 'K097'),
(177, 177, 'K098'),
(892, 177, 'K099'),
(1490, 177, 'K100'),
(1715, 177, 'K101'),
(178, 178, 'K102'),
(893, 178, 'K103'),
(1491, 178, 'K104'),
(179, 179, 'K105'),
(894, 179, 'K106'),
(1492, 179, 'K107'),
(180, 180, 'K108'),
(895, 180, 'K109'),
(181, 181, 'K110'),
(896, 181, 'K111'),
(182, 182, 'K112'),
(897, 182, 'K113'),
(1493, 182, 'K114'),
(183, 183, 'K115'),
(898, 183, 'K116'),
(184, 184, 'K117'),
(899, 184, 'K118'),
(185, 185, 'K119'),
(900, 185, 'K120'),
(186, 186, 'K121'),
(901, 186, 'K122'),
(1494, 186, 'K123'),
(1716, 186, 'K124'),
(187, 187, 'K125'),
(902, 187, 'K126'),
(1495, 187, 'K127'),
(188, 188, 'K128'),
(903, 188, 'K129'),
(189, 189, 'K130'),
(904, 189, 'K131'),
(190, 190, 'K132'),
(905, 190, 'K133'),
(1496, 190, 'K134'),
(191, 191, 'K135'),
(906, 191, 'K136'),
(192, 192, 'K137'),
(907, 192, 'K138'),
(1497, 192, 'K139'),
(1717, 192, 'K140'),
(193, 193, 'K141'),
(908, 193, 'K142'),
(194, 194, 'K143'),
(909, 194, 'K144'),
(195, 195, 'K145'),
(910, 195, 'K146'),
(1498, 195, 'K147'),
(196, 196, 'K148'),
(911, 196, 'K149'),
(1499, 196, 'K150'),
(1718, 196, 'K151'),
(197, 197, 'K152'),
(912, 197, 'K153'),
(1500, 197, 'K154'),
(1719, 197, 'K155'),
(198, 198, 'K156'),
(913, 198, 'K157'),
(199, 199, 'K158'),
(914, 199, 'K159'),
(200, 200, 'K160'),
(915, 200, 'K161'),
(201, 201, 'K162'),
(916, 201, 'K163'),
(202, 202, 'K164'),
(917, 202, 'K165'),
(1501, 202, 'K166'),
(203, 203, 'K167'),
(918, 203, 'K168'),
(204, 204, 'K169'),
(919, 204, 'K170'),
(1502, 204, 'K171'),
(205, 205, 'K172'),
(920, 205, 'K173'),
(206, 206, 'K174'),
(921, 206, 'K175'),
(1503, 206, 'K176'),
(207, 207, 'K177'),
(922, 207, 'K178'),
(208, 208, 'K179'),
(923, 208, 'K180'),
(209, 209, 'K181'),
(924, 209, 'K182'),
(1504, 209, 'K183'),
(210, 210, 'K184'),
(925, 210, 'K185'),
(1505, 210, 'K186'),
(1720, 210, 'K187'),
(1787, 210, 'K188'),
(211, 211, 'K189'),
(926, 211, 'K190'),
(212, 212, 'K191'),
(927, 212, 'K192'),
(213, 213, 'K193'),
(928, 213, 'K194'),
(214, 214, 'K195'),
(929, 214, 'K196'),
(215, 215, 'K197'),
(930, 215, 'K198'),
(216, 216, 'K199'),
(931, 216, 'K200'),
(217, 217, 'K201'),
(932, 217, 'K202'),
(1506, 217, 'K203'),
(218, 218, 'K204'),
(933, 218, 'K205'),
(219, 219, 'K206'),
(934, 219, 'K207'),
(1507, 219, 'K208'),
(220, 220, 'K209'),
(935, 220, 'K210'),
(221, 221, 'K211'),
(936, 221, 'K212'),
(222, 222, 'K213'),
(937, 222, 'K214'),
(1508, 222, 'K215'),
(1721, 222, 'K216'),
(223, 223, 'K217'),
(938, 223, 'K218'),
(224, 224, 'K219'),
(939, 224, 'K220'),
(1509, 224, 'K221'),
(1722, 224, 'K222'),
(225, 225, 'K223'),
(940, 225, 'K224'),
(226, 226, 'K225'),
(941, 226, 'K226'),
(1510, 226, 'K227'),
(1723, 226, 'K228'),
(227, 227, 'K229'),
(942, 227, 'K230'),
(228, 228, 'K231'),
(943, 228, 'K232'),
(1511, 228, 'K233'),
(229, 229, 'K234'),
(944, 229, 'K235'),
(230, 230, 'K236'),
(945, 230, 'K237'),
(1512, 230, 'K238'),
(1724, 230, 'K239'),
(231, 231, 'K240'),
(946, 231, 'K241'),
(232, 232, 'K242'),
(947, 232, 'K243'),
(233, 233, 'K244'),
(948, 233, 'K245'),
(1513, 233, 'K246'),
(234, 234, 'K247'),
(949, 234, 'K248'),
(1514, 234, 'K249'),
(235, 235, 'K250'),
(950, 235, 'K251'),
(236, 236, 'K252'),
(951, 236, 'K253'),
(237, 237, 'K254'),
(952, 237, 'K255'),
(1515, 237, 'K256'),
(238, 238, 'K257'),
(953, 238, 'K258'),
(239, 239, 'K259'),
(954, 239, 'K260'),
(240, 240, 'K261'),
(955, 240, 'K262'),
(1516, 240, 'K263'),
(241, 241, 'K264'),
(956, 241, 'K265'),
(242, 242, 'K266'),
(957, 242, 'K267'),
(243, 243, 'K268'),
(958, 243, 'K269'),
(244, 244, 'K270'),
(959, 244, 'K271'),
(245, 245, 'K272'),
(960, 245, 'K273'),
(246, 246, 'K274'),
(961, 246, 'K275'),
(247, 247, 'K276'),
(962, 247, 'K277'),
(1517, 247, 'K278'),
(248, 248, 'K279'),
(963, 248, 'K280'),
(1518, 248, 'K281'),
(1725, 248, 'K282'),
(249, 249, 'K283'),
(964, 249, 'K284'),
(250, 250, 'K285'),
(965, 250, 'K286'),
(251, 251, 'K287'),
(966, 251, 'K288'),
(252, 252, 'K289'),
(967, 252, 'K290'),
(253, 253, 'K291'),
(968, 253, 'K292'),
(254, 254, 'K293'),
(969, 254, 'K294'),
(255, 255, 'K295'),
(970, 255, 'K296'),
(256, 256, 'K297'),
(971, 256, 'K298'),
(1519, 256, 'K299'),
(257, 257, 'K300'),
(972, 257, 'K301'),
(258, 258, 'K302'),
(973, 258, 'K303'),
(1520, 258, 'K304'),
(259, 259, 'K305'),
(974, 259, 'K306'),
(260, 260, 'K307'),
(975, 260, 'K308'),
(261, 261, 'K309'),
(976, 261, 'K310'),
(262, 262, 'K311'),
(977, 262, 'K312'),
(263, 263, 'K313'),
(978, 263, 'K314'),
(264, 264, 'K315'),
(979, 264, 'K316'),
(265, 265, 'K317'),
(980, 265, 'K318'),
(266, 266, 'K319'),
(981, 266, 'K320'),
(267, 267, 'K321'),
(982, 267, 'K322'),
(268, 268, 'K323'),
(983, 268, 'K324'),
(1521, 268, 'K325'),
(269, 269, 'K326'),
(984, 269, 'K327'),
(1522, 269, 'K328'),
(270, 270, 'K329'),
(985, 270, 'K330'),
(271, 271, 'K331'),
(986, 271, 'K332'),
(1523, 271, 'K333'),
(1726, 271, 'K334'),
(272, 272, 'K335'),
(987, 272, 'K336'),
(273, 273, 'K337'),
(988, 273, 'K338'),
(274, 274, 'K339'),
(989, 274, 'K340'),
(275, 275, 'K341'),
(990, 275, 'K342'),
(276, 276, 'K343'),
(991, 276, 'K344'),
(1524, 276, 'K345'),
(277, 277, 'K346'),
(992, 277, 'K347'),
(1525, 277, 'K348'),
(1727, 277, 'K349'),
(1788, 277, 'K350'),
(278, 278, 'K351'),
(993, 278, 'K352'),
(279, 279, 'K353'),
(994, 279, 'K354'),
(1526, 279, 'K355'),
(1728, 279, 'K356'),
(280, 280, 'K357'),
(995, 280, 'K358'),
(281, 281, 'K359'),
(996, 281, 'K360'),
(282, 282, 'K361'),
(997, 282, 'K362'),
(1527, 282, 'K363'),
(283, 283, 'K364'),
(998, 283, 'K365'),
(284, 284, 'M001'),
(999, 284, 'M002'),
(285, 285, 'M003'),
(1000, 285, 'M004'),
(286, 286, 'M005'),
(1001, 286, 'M006'),
(287, 287, 'M007'),
(1002, 287, 'M008'),
(288, 288, 'M009'),
(1003, 288, 'M010'),
(289, 289, 'M011'),
(1004, 289, 'M012'),
(290, 290, 'M013'),
(1005, 290, 'M014'),
(291, 291, 'M015'),
(1006, 291, 'M016'),
(1528, 291, 'M017'),
(1729, 291, 'M018'),
(1789, 291, 'M019'),
(1810, 291, 'M020'),
(1819, 291, 'M021'),
(292, 292, 'M022'),
(1007, 292, 'M023'),
(293, 293, 'M024'),
(1008, 293, 'M025'),
(294, 294, 'M026'),
(1009, 294, 'M027'),
(1529, 294, 'M028'),
(1730, 294, 'M029'),
(1790, 294, 'M030'),
(295, 295, 'M031'),
(1010, 295, 'M032'),
(296, 296, 'M033'),
(1011, 296, 'M034'),
(297, 297, 'M035'),
(1012, 297, 'M036'),
(298, 298, 'M037'),
(1013, 298, 'M038'),
(299, 299, 'M039'),
(1014, 299, 'M040'),
(300, 300, 'M041'),
(1015, 300, 'M042'),
(1530, 300, 'M043'),
(1731, 300, 'M044'),
(301, 301, 'M045'),
(1016, 301, 'M046'),
(302, 302, 'M047'),
(1017, 302, 'M048'),
(303, 303, 'M049'),
(1018, 303, 'M050'),
(304, 304, 'M051'),
(1019, 304, 'M052'),
(1531, 304, 'M053'),
(305, 305, 'M054'),
(1020, 305, 'M055'),
(1532, 305, 'M056'),
(1732, 305, 'M057'),
(1791, 305, 'M058'),
(306, 306, 'M059'),
(1021, 306, 'M060'),
(307, 307, 'M061'),
(1022, 307, 'M062'),
(1533, 307, 'M063'),
(308, 308, 'M064'),
(1023, 308, 'M065'),
(1534, 308, 'M066'),
(1733, 308, 'M067'),
(309, 309, 'M068'),
(1024, 309, 'M069'),
(310, 310, 'M070'),
(1025, 310, 'M071'),
(311, 311, 'M072'),
(1026, 311, 'M073'),
(312, 312, 'M074'),
(1027, 312, 'M075'),
(313, 313, 'M076'),
(1028, 313, 'M077'),
(314, 314, 'M078'),
(1029, 314, 'M079'),
(315, 315, 'M080'),
(1030, 315, 'M081'),
(316, 316, 'M082'),
(1031, 316, 'M083'),
(317, 317, 'M084'),
(1032, 317, 'M085'),
(318, 318, 'M086'),
(1033, 318, 'M087'),
(319, 319, 'M088'),
(1034, 319, 'M089'),
(1535, 319, 'M090'),
(320, 320, 'M091'),
(1035, 320, 'M092'),
(1536, 320, 'M093'),
(321, 321, 'M094'),
(1036, 321, 'M095'),
(1537, 321, 'M096'),
(1734, 321, 'M097'),
(322, 322, 'M098'),
(1037, 322, 'M099'),
(323, 323, 'M100'),
(1038, 323, 'M101'),
(324, 324, 'M102'),
(1039, 324, 'M103'),
(1538, 324, 'M104'),
(325, 325, 'M105'),
(1040, 325, 'M106'),
(1539, 325, 'M107'),
(326, 326, 'M108'),
(1041, 326, 'M109'),
(327, 327, 'M110'),
(1042, 327, 'M111'),
(1540, 327, 'M112'),
(1735, 327, 'M113'),
(328, 328, 'M114'),
(1043, 328, 'M115'),
(1541, 328, 'M116'),
(1736, 328, 'M117'),
(329, 329, 'M118'),
(1044, 329, 'M119'),
(1542, 329, 'M120'),
(1737, 329, 'M121'),
(1792, 329, 'M122'),
(1811, 329, 'M123'),
(330, 330, 'M124'),
(1045, 330, 'M125'),
(331, 331, 'M126'),
(1046, 331, 'M127'),
(1543, 331, 'M128'),
(1738, 331, 'M129'),
(332, 332, 'M130'),
(1047, 332, 'M131'),
(1544, 332, 'M132'),
(333, 333, 'M133'),
(1048, 333, 'M134'),
(334, 334, 'M135'),
(1049, 334, 'M136'),
(335, 335, 'M137'),
(1050, 335, 'M138'),
(336, 336, 'M139'),
(1051, 336, 'M140'),
(1545, 336, 'M141'),
(337, 337, 'M142'),
(1052, 337, 'M143'),
(1546, 337, 'M144'),
(338, 338, 'M145'),
(1053, 338, 'M146'),
(1547, 338, 'M147'),
(339, 339, 'M148'),
(1054, 339, 'M149'),
(340, 340, 'M150'),
(1055, 340, 'M151'),
(341, 341, 'M152'),
(1056, 341, 'M153'),
(342, 342, 'M154'),
(1057, 342, 'M155'),
(1548, 342, 'M156'),
(343, 343, 'M157'),
(1058, 343, 'M158'),
(344, 344, 'M159'),
(1059, 344, 'M160'),
(345, 345, 'M161'),
(1060, 345, 'M162'),
(1549, 345, 'M163'),
(346, 346, 'M164'),
(1061, 346, 'M165'),
(347, 347, 'M166'),
(1062, 347, 'M167'),
(1550, 347, 'M168'),
(1739, 347, 'M169'),
(1793, 347, 'M170'),
(1812, 347, 'M171'),
(348, 348, 'M172'),
(1063, 348, 'M173'),
(349, 349, 'M174'),
(1064, 349, 'M175'),
(1551, 349, 'M176'),
(1740, 349, 'M177'),
(350, 350, 'M178'),
(1065, 350, 'M179'),
(1552, 350, 'M180'),
(1741, 350, 'M181'),
(1794, 350, 'M182'),
(1813, 350, 'M183'),
(1820, 350, 'M184'),
(1824, 350, 'M185'),
(351, 351, 'M186'),
(1066, 351, 'M187'),
(352, 352, 'M188'),
(1067, 352, 'M189'),
(353, 353, 'M190'),
(1068, 353, 'M191'),
(354, 354, 'M192'),
(1069, 354, 'M193'),
(355, 355, 'M194'),
(1070, 355, 'M195'),
(356, 356, 'M196'),
(1071, 356, 'M197'),
(1553, 356, 'M198'),
(357, 357, 'M199'),
(1072, 357, 'M200'),
(358, 358, 'M201'),
(1073, 358, 'M202'),
(359, 359, 'M203'),
(1074, 359, 'M204'),
(1554, 359, 'M205'),
(1742, 359, 'M206'),
(360, 360, 'M207'),
(1075, 360, 'M208'),
(361, 361, 'M209'),
(1076, 361, 'M210'),
(362, 362, 'M211'),
(1077, 362, 'M212'),
(363, 363, 'M213'),
(1078, 363, 'M214'),
(1555, 363, 'M215'),
(1743, 363, 'M216'),
(364, 364, 'M217'),
(1079, 364, 'M218'),
(365, 365, 'M219'),
(1080, 365, 'M220'),
(366, 366, 'M221'),
(1081, 366, 'M222'),
(367, 367, 'M223'),
(1082, 367, 'M224'),
(368, 368, 'M225'),
(1083, 368, 'M226'),
(369, 369, 'M227'),
(1084, 369, 'M228'),
(370, 370, 'M229'),
(1085, 370, 'M230'),
(371, 371, 'M231'),
(1086, 371, 'M232'),
(372, 372, 'M233'),
(1087, 372, 'M234'),
(373, 373, 'M235'),
(1088, 373, 'M236'),
(374, 374, 'M237'),
(1089, 374, 'M238'),
(1556, 374, 'M239'),
(375, 375, 'M240'),
(1090, 375, 'M241'),
(1557, 375, 'M242'),
(1744, 375, 'M243'),
(1795, 375, 'M244'),
(376, 376, 'M245'),
(1091, 376, 'M246'),
(377, 377, 'M247'),
(1092, 377, 'M248'),
(378, 378, 'M249'),
(1093, 378, 'M250'),
(1558, 378, 'M251'),
(1745, 378, 'M252'),
(1796, 378, 'M253'),
(1814, 378, 'M254'),
(379, 379, 'M255'),
(1094, 379, 'M256'),
(380, 380, 'M257'),
(1095, 380, 'M258'),
(381, 381, 'M259'),
(1096, 381, 'M260'),
(382, 382, 'M261'),
(1097, 382, 'M262'),
(383, 383, 'M263'),
(1098, 383, 'M264'),
(384, 384, 'M265'),
(1099, 384, 'M266'),
(385, 385, 'M267'),
(1100, 385, 'M268'),
(386, 386, 'M269'),
(1101, 386, 'M270'),
(1559, 386, 'M271'),
(387, 387, 'M272'),
(1102, 387, 'M273'),
(1560, 387, 'M274'),
(1746, 387, 'M275'),
(388, 388, 'M276'),
(1103, 388, 'M277'),
(389, 389, 'M278'),
(1104, 389, 'M279'),
(1561, 389, 'M280'),
(390, 390, 'M281'),
(1105, 390, 'M282'),
(1562, 390, 'M283'),
(1747, 390, 'M284'),
(1797, 390, 'M285'),
(391, 391, 'M286'),
(1106, 391, 'M287'),
(1563, 391, 'M288'),
(392, 392, 'M289'),
(1107, 392, 'M290'),
(1564, 392, 'M291'),
(393, 393, 'M292'),
(1108, 393, 'M293'),
(394, 394, 'M294'),
(1109, 394, 'M295'),
(395, 395, 'M296'),
(1110, 395, 'M297'),
(396, 396, 'M298'),
(1111, 396, 'M299'),
(1565, 396, 'M300'),
(397, 397, 'M301'),
(1112, 397, 'M302'),
(398, 398, 'M303'),
(1113, 398, 'M304'),
(399, 399, 'M305'),
(1114, 399, 'M306'),
(1566, 399, 'M307'),
(400, 400, 'M308'),
(1115, 400, 'M309'),
(401, 401, 'M310'),
(1116, 401, 'M311'),
(402, 402, 'M312'),
(1117, 402, 'M313'),
(403, 403, 'M314'),
(1118, 403, 'M315'),
(404, 404, 'M316'),
(1119, 404, 'M317'),
(405, 405, 'M318'),
(1120, 405, 'M319'),
(406, 406, 'M320'),
(1121, 406, 'M321'),
(1567, 406, 'M322'),
(1748, 406, 'M323'),
(407, 407, 'M324'),
(1122, 407, 'M325'),
(1568, 407, 'M326'),
(1749, 407, 'M327'),
(408, 408, 'M328'),
(1123, 408, 'M329'),
(409, 409, 'M330'),
(1124, 409, 'M331'),
(410, 410, 'M332'),
(1125, 410, 'M333'),
(411, 411, 'M334'),
(1126, 411, 'M335'),
(1569, 411, 'M336'),
(1750, 411, 'M337'),
(1798, 411, 'M338'),
(1815, 411, 'M339'),
(1821, 411, 'M340'),
(412, 412, 'M341'),
(1127, 412, 'M342'),
(413, 413, 'M343'),
(1128, 413, 'M344'),
(414, 414, 'M345'),
(1129, 414, 'M346'),
(415, 415, 'M347'),
(1130, 415, 'M348'),
(416, 416, 'M349'),
(1131, 416, 'M350'),
(417, 417, 'M351'),
(1132, 417, 'M352'),
(1570, 417, 'M353'),
(1751, 417, 'M354'),
(1799, 417, 'M355'),
(418, 418, 'M356'),
(1133, 418, 'M357'),
(419, 419, 'M358'),
(1134, 419, 'M359'),
(420, 420, 'M360'),
(1135, 420, 'M361'),
(1571, 420, 'M362'),
(421, 421, 'M363'),
(1136, 421, 'M364'),
(422, 422, 'R001'),
(1137, 422, 'R002'),
(1572, 422, 'R003'),
(423, 423, 'R004'),
(1138, 423, 'R005'),
(424, 424, 'R006'),
(1139, 424, 'R007'),
(1573, 424, 'R008'),
(425, 425, 'R009'),
(1140, 425, 'R010'),
(426, 426, 'R011'),
(1141, 426, 'R012'),
(1574, 426, 'R013'),
(427, 427, 'R014'),
(1142, 427, 'R015'),
(1575, 427, 'R016'),
(1752, 427, 'R017'),
(1800, 427, 'R018'),
(428, 428, 'R019'),
(1143, 428, 'R020'),
(1576, 428, 'R021'),
(429, 429, 'R022'),
(1144, 429, 'R023'),
(1577, 429, 'R024'),
(430, 430, 'R025'),
(1145, 430, 'R026'),
(431, 431, 'R027'),
(1146, 431, 'R028'),
(1578, 431, 'R029'),
(1753, 431, 'R030'),
(432, 432, 'R031'),
(1147, 432, 'R032'),
(433, 433, 'R033'),
(1148, 433, 'R034'),
(1579, 433, 'R035'),
(434, 434, 'R036'),
(1149, 434, 'R037'),
(1580, 434, 'R038'),
(435, 435, 'R039'),
(1150, 435, 'R040'),
(436, 436, 'R041'),
(1151, 436, 'R042'),
(437, 437, 'R043'),
(1152, 437, 'R044'),
(438, 438, 'R045'),
(1153, 438, 'R046'),
(439, 439, 'R047'),
(1154, 439, 'R048'),
(440, 440, 'R049'),
(1155, 440, 'R050'),
(441, 441, 'R051'),
(1156, 441, 'R052'),
(442, 442, 'R053'),
(1157, 442, 'R054'),
(1581, 442, 'R055'),
(443, 443, 'R056'),
(1158, 443, 'R057'),
(444, 444, 'R058'),
(1159, 444, 'R059'),
(1582, 444, 'R060'),
(445, 445, 'R061'),
(1160, 445, 'R062'),
(1583, 445, 'R063'),
(1754, 445, 'R064'),
(446, 446, 'R065'),
(1161, 446, 'R066'),
(447, 447, 'R067'),
(1162, 447, 'R068'),
(1584, 447, 'R069'),
(1755, 447, 'R070'),
(448, 448, 'R071'),
(1163, 448, 'R072'),
(449, 449, 'R073'),
(1164, 449, 'R074'),
(450, 450, 'R075'),
(1165, 450, 'R076'),
(451, 451, 'R077'),
(1166, 451, 'R078'),
(452, 452, 'R079'),
(1167, 452, 'R080'),
(1585, 452, 'R081'),
(453, 453, 'R082'),
(1168, 453, 'R083'),
(454, 454, 'R084'),
(1169, 454, 'R085'),
(455, 455, 'R086'),
(1170, 455, 'R087'),
(456, 456, 'R088'),
(1171, 456, 'R089'),
(457, 457, 'R090'),
(1172, 457, 'R091'),
(458, 458, 'R092'),
(1173, 458, 'R093'),
(1586, 458, 'R094'),
(1756, 458, 'R095'),
(459, 459, 'R096'),
(1174, 459, 'R097'),
(460, 460, 'R098'),
(1175, 460, 'R099'),
(1587, 460, 'R100'),
(1757, 460, 'R101'),
(461, 461, 'R102'),
(1176, 461, 'R103'),
(462, 462, 'R104'),
(1177, 462, 'R105'),
(463, 463, 'R106'),
(1178, 463, 'R107'),
(1588, 463, 'R108'),
(1758, 463, 'R109'),
(464, 464, 'R110'),
(1179, 464, 'R111'),
(1589, 464, 'R112'),
(465, 465, 'R113'),
(1180, 465, 'R114'),
(466, 466, 'R115'),
(1181, 466, 'R116'),
(1590, 466, 'R117'),
(1759, 466, 'R118'),
(1801, 466, 'R119'),
(467, 467, 'R120'),
(1182, 467, 'R121'),
(468, 468, 'R122'),
(1183, 468, 'R123'),
(1591, 468, 'R124'),
(469, 469, 'R125'),
(1184, 469, 'R126'),
(470, 470, 'R127'),
(1185, 470, 'R128'),
(471, 471, 'R129'),
(1186, 471, 'R130'),
(472, 472, 'R131'),
(1187, 472, 'R132'),
(1592, 472, 'R133'),
(1760, 472, 'R134'),
(473, 473, 'R135'),
(1188, 473, 'R136'),
(1593, 473, 'R137'),
(474, 474, 'R138'),
(1189, 474, 'R139'),
(475, 475, 'R140'),
(1190, 475, 'R141'),
(476, 476, 'R142'),
(1191, 476, 'R143'),
(477, 477, 'R144'),
(1192, 477, 'R145'),
(478, 478, 'R146'),
(1193, 478, 'R147'),
(1594, 478, 'R148'),
(479, 479, 'R149'),
(1194, 479, 'R150'),
(480, 480, 'R151'),
(1195, 480, 'R152'),
(481, 481, 'R153'),
(1196, 481, 'R154'),
(482, 482, 'R155'),
(1197, 482, 'R156'),
(483, 483, 'R157'),
(1198, 483, 'R158'),
(1595, 483, 'R159'),
(484, 484, 'R160'),
(1199, 484, 'R161'),
(485, 485, 'R162'),
(1200, 485, 'R163'),
(1596, 485, 'R164'),
(486, 486, 'R165'),
(1201, 486, 'R166'),
(487, 487, 'R167'),
(1202, 487, 'R168'),
(488, 488, 'R169'),
(1203, 488, 'R170'),
(489, 489, 'R171'),
(1204, 489, 'R172'),
(490, 490, 'R173'),
(1205, 490, 'R174'),
(491, 491, 'R175'),
(1206, 491, 'R176'),
(1597, 491, 'R177'),
(492, 492, 'R178'),
(1207, 492, 'R179'),
(493, 493, 'R180'),
(1208, 493, 'R181'),
(494, 494, 'R182'),
(1209, 494, 'R183'),
(495, 495, 'R184'),
(1210, 495, 'R185'),
(1598, 495, 'R186'),
(496, 496, 'R187'),
(1211, 496, 'R188'),
(497, 497, 'R189'),
(1212, 497, 'R190'),
(498, 498, 'R191'),
(1213, 498, 'R192'),
(499, 499, 'R193'),
(1214, 499, 'R194'),
(500, 500, 'R195'),
(1215, 500, 'R196'),
(501, 501, 'R197'),
(1216, 501, 'R198'),
(502, 502, 'R199'),
(1217, 502, 'R200'),
(503, 503, 'R201'),
(1218, 503, 'R202'),
(1599, 503, 'R203'),
(1761, 503, 'R204'),
(1802, 503, 'R205'),
(1816, 503, 'R206'),
(504, 504, 'R207'),
(1219, 504, 'R208'),
(1600, 504, 'R209'),
(1762, 504, 'R210'),
(505, 505, 'R211'),
(1220, 505, 'R212'),
(1601, 505, 'R213'),
(1763, 505, 'R214'),
(506, 506, 'R215'),
(1221, 506, 'R216'),
(507, 507, 'R217'),
(1222, 507, 'R218'),
(1602, 507, 'R219'),
(508, 508, 'R220'),
(1223, 508, 'R221'),
(509, 509, 'R222'),
(1224, 509, 'R223'),
(1603, 509, 'R224'),
(510, 510, 'R225'),
(1225, 510, 'R226'),
(511, 511, 'R227'),
(1226, 511, 'R228'),
(1604, 511, 'R229'),
(512, 512, 'R230'),
(1227, 512, 'R231'),
(513, 513, 'R232'),
(1228, 513, 'R233'),
(1605, 513, 'R234'),
(1764, 513, 'R235'),
(1803, 513, 'R236'),
(1817, 513, 'R237'),
(1822, 513, 'R238'),
(514, 514, 'R239'),
(1229, 514, 'R240'),
(1606, 514, 'R241'),
(515, 515, 'R242'),
(1230, 515, 'R243'),
(516, 516, 'R244'),
(1231, 516, 'R245'),
(517, 517, 'R246'),
(1232, 517, 'R247'),
(1607, 517, 'R248'),
(518, 518, 'R249'),
(1233, 518, 'R250'),
(1608, 518, 'R251'),
(519, 519, 'R252'),
(1234, 519, 'R253'),
(520, 520, 'R254'),
(1235, 520, 'R255'),
(521, 521, 'R256'),
(1236, 521, 'R257'),
(1609, 521, 'R258'),
(522, 522, 'R259'),
(1237, 522, 'R260'),
(523, 523, 'R261'),
(1238, 523, 'R262'),
(524, 524, 'R263'),
(1239, 524, 'R264'),
(525, 525, 'R265'),
(1240, 525, 'R266'),
(526, 526, 'R267'),
(1241, 526, 'R268'),
(527, 527, 'R269'),
(1242, 527, 'R270'),
(528, 528, 'R271'),
(1243, 528, 'R272'),
(529, 529, 'R273'),
(1244, 529, 'R274'),
(530, 530, 'R275'),
(1245, 530, 'R276'),
(531, 531, 'R277'),
(1246, 531, 'R278'),
(1610, 531, 'R279'),
(532, 532, 'R280'),
(1247, 532, 'R281'),
(533, 533, 'R282'),
(1248, 533, 'R283'),
(1611, 533, 'R284'),
(1765, 533, 'R285'),
(534, 534, 'R286'),
(1249, 534, 'R287'),
(1612, 534, 'R288'),
(535, 535, 'R289'),
(1250, 535, 'R290'),
(1613, 535, 'R291'),
(1766, 535, 'R292'),
(536, 536, 'R293'),
(1251, 536, 'R294'),
(537, 537, 'R295'),
(1252, 537, 'R296'),
(538, 538, 'R297'),
(1253, 538, 'R298'),
(1614, 538, 'R299'),
(539, 539, 'R300'),
(1254, 539, 'R301'),
(540, 540, 'R302'),
(1255, 540, 'R303'),
(541, 541, 'R304'),
(1256, 541, 'R305'),
(1615, 541, 'R306'),
(542, 542, 'R307'),
(1257, 542, 'R308'),
(543, 543, 'R309'),
(1258, 543, 'R310'),
(1616, 543, 'R311'),
(1767, 543, 'R312'),
(544, 544, 'R313'),
(1259, 544, 'R314'),
(1617, 544, 'R315'),
(1768, 544, 'R316'),
(1804, 544, 'R317'),
(1818, 544, 'R318'),
(1823, 544, 'R319'),
(545, 545, 'R320'),
(1260, 545, 'R321'),
(546, 546, 'R322'),
(1261, 546, 'R323'),
(547, 547, 'R324'),
(1262, 547, 'R325'),
(548, 548, 'R326'),
(1263, 548, 'R327'),
(549, 549, 'R328'),
(1264, 549, 'R329'),
(550, 550, 'R330'),
(1265, 550, 'R331'),
(551, 551, 'R332'),
(1266, 551, 'R333'),
(552, 552, 'R334'),
(1267, 552, 'R335'),
(553, 553, 'R336'),
(1268, 553, 'R337'),
(554, 554, 'R338'),
(1269, 554, 'R339'),
(1618, 554, 'R340'),
(555, 555, 'R341'),
(1270, 555, 'R342'),
(1619, 555, 'R343'),
(556, 556, 'R344'),
(1271, 556, 'R345'),
(557, 557, 'R346'),
(1272, 557, 'R347'),
(558, 558, 'R348'),
(1273, 558, 'R349'),
(1620, 558, 'R350'),
(559, 559, 'R351'),
(1274, 559, 'R352'),
(1621, 559, 'R353'),
(560, 560, 'R354'),
(1275, 560, 'R355'),
(561, 561, 'R356'),
(1276, 561, 'R357'),
(562, 562, 'R358'),
(1277, 562, 'R359'),
(1622, 562, 'R360'),
(563, 563, 'R361'),
(1278, 563, 'R362'),
(1623, 563, 'R363'),
(564, 564, 'R364'),
(1279, 564, 'R365'),
(565, 565, 'R366'),
(1280, 565, 'R367'),
(566, 566, 'R368'),
(1281, 566, 'R369'),
(567, 567, 'R370'),
(1282, 567, 'R371'),
(568, 568, 'R372'),
(1283, 568, 'R373'),
(569, 569, 'R374'),
(1284, 569, 'R375'),
(1624, 569, 'R376'),
(1769, 569, 'R377'),
(570, 570, 'S001'),
(1285, 570, 'S002'),
(571, 571, 'S003'),
(1286, 571, 'S004'),
(572, 572, 'S005'),
(1287, 572, 'S006'),
(1625, 572, 'S007'),
(573, 573, 'S008'),
(1288, 573, 'S009'),
(574, 574, 'S010'),
(1289, 574, 'S011'),
(575, 575, 'S012'),
(1290, 575, 'S013'),
(576, 576, 'S014'),
(1291, 576, 'S015'),
(1626, 576, 'S016'),
(577, 577, 'S017'),
(1292, 577, 'S018'),
(1627, 577, 'S019'),
(578, 578, 'S020'),
(1293, 578, 'S021'),
(1628, 578, 'S022'),
(579, 579, 'S023'),
(1294, 579, 'S024'),
(580, 580, 'S025'),
(1295, 580, 'S026'),
(581, 581, 'S027'),
(1296, 581, 'S028'),
(1629, 581, 'S029'),
(582, 582, 'S030'),
(1297, 582, 'S031'),
(583, 583, 'S032'),
(1298, 583, 'S033'),
(584, 584, 'S034'),
(1299, 584, 'S035'),
(585, 585, 'S036'),
(1300, 585, 'S037'),
(586, 586, 'S038'),
(1301, 586, 'S039'),
(1630, 586, 'S040'),
(1770, 586, 'S041'),
(1805, 586, 'S042'),
(587, 587, 'S043'),
(1302, 587, 'S044'),
(1631, 587, 'S045'),
(588, 588, 'S046'),
(1303, 588, 'S047'),
(589, 589, 'S048'),
(1304, 589, 'S049'),
(1632, 589, 'S050'),
(590, 590, 'S051'),
(1305, 590, 'S052'),
(1633, 590, 'S053'),
(591, 591, 'S054'),
(1306, 591, 'S055'),
(1634, 591, 'S056'),
(592, 592, 'S057'),
(1307, 592, 'S058'),
(593, 593, 'S059'),
(1308, 593, 'S060'),
(594, 594, 'S061'),
(1309, 594, 'S062'),
(595, 595, 'S063'),
(1310, 595, 'S064'),
(1635, 595, 'S065'),
(596, 596, 'S066'),
(1311, 596, 'S067'),
(1636, 596, 'S068'),
(597, 597, 'S069'),
(1312, 597, 'S070'),
(598, 598, 'S071'),
(1313, 598, 'S072'),
(1637, 598, 'S073'),
(599, 599, 'S074'),
(1314, 599, 'S075'),
(600, 600, 'S076'),
(1315, 600, 'S077'),
(601, 601, 'S078'),
(1316, 601, 'S079'),
(602, 602, 'S080'),
(1317, 602, 'S081'),
(1638, 602, 'S082'),
(603, 603, 'S083'),
(1318, 603, 'S084'),
(1639, 603, 'S085'),
(604, 604, 'S086'),
(1319, 604, 'S087'),
(605, 605, 'S088'),
(1320, 605, 'S089'),
(1640, 605, 'S090'),
(1771, 605, 'S091'),
(606, 606, 'S092'),
(1321, 606, 'S093'),
(1641, 606, 'S094'),
(607, 607, 'S095'),
(1322, 607, 'S096'),
(608, 608, 'S097'),
(1323, 608, 'S098'),
(1642, 608, 'S099'),
(609, 609, 'S100'),
(1324, 609, 'S101'),
(610, 610, 'S102'),
(1325, 610, 'S103'),
(611, 611, 'S104'),
(1326, 611, 'S105'),
(612, 612, 'S106'),
(1327, 612, 'S107'),
(1643, 612, 'S108'),
(613, 613, 'S109'),
(1328, 613, 'S110'),
(1644, 613, 'S111'),
(614, 614, 'S112'),
(1329, 614, 'S113'),
(615, 615, 'S114'),
(1330, 615, 'S115'),
(616, 616, 'S116'),
(1331, 616, 'S117'),
(617, 617, 'S118'),
(1332, 617, 'S119'),
(1645, 617, 'S120'),
(618, 618, 'S121'),
(1333, 618, 'S122'),
(1646, 618, 'S123'),
(1772, 618, 'S124'),
(619, 619, 'S125'),
(1334, 619, 'S126'),
(620, 620, 'S127'),
(1335, 620, 'S128'),
(1647, 620, 'S129'),
(621, 621, 'S130'),
(1336, 621, 'S131'),
(1648, 621, 'S132'),
(1773, 621, 'S133'),
(622, 622, 'S134'),
(1337, 622, 'S135'),
(1649, 622, 'S136'),
(623, 623, 'S137'),
(1338, 623, 'S138'),
(1650, 623, 'S139'),
(624, 624, 'S140'),
(1339, 624, 'S141'),
(625, 625, 'S142'),
(1340, 625, 'S143'),
(1651, 625, 'S144'),
(626, 626, 'S145'),
(1341, 626, 'S146'),
(1652, 626, 'S147'),
(627, 627, 'S148'),
(1342, 627, 'S149'),
(1653, 627, 'S150'),
(628, 628, 'S151'),
(1343, 628, 'S152'),
(1654, 628, 'S153'),
(629, 629, 'S154'),
(1344, 629, 'S155'),
(630, 630, 'S156'),
(1345, 630, 'S157'),
(1655, 630, 'S158'),
(631, 631, 'S159'),
(1346, 631, 'S160'),
(632, 632, 'S161'),
(1347, 632, 'S162'),
(633, 633, 'S163'),
(1348, 633, 'S164'),
(634, 634, 'S165'),
(1349, 634, 'S166'),
(635, 635, 'S167'),
(1350, 635, 'S168'),
(1656, 635, 'S169'),
(1774, 635, 'S170'),
(636, 636, 'S171'),
(1351, 636, 'S172'),
(637, 637, 'S173'),
(1352, 637, 'S174'),
(1657, 637, 'S175'),
(638, 638, 'S176'),
(1353, 638, 'S177'),
(1658, 638, 'S178'),
(1775, 638, 'S179'),
(639, 639, 'S180'),
(1354, 639, 'S181'),
(1659, 639, 'S182'),
(1776, 639, 'S183'),
(640, 640, 'S184'),
(1355, 640, 'S185'),
(1660, 640, 'S186'),
(641, 641, 'S187'),
(1356, 641, 'S188'),
(642, 642, 'S189'),
(1357, 642, 'S190'),
(643, 643, 'S191'),
(1358, 643, 'S192'),
(1661, 643, 'S193'),
(644, 644, 'S194'),
(1359, 644, 'S195'),
(645, 645, 'S196'),
(1360, 645, 'S197'),
(646, 646, 'S198'),
(1361, 646, 'S199'),
(1662, 646, 'S200'),
(647, 647, 'S201'),
(1362, 647, 'S202'),
(648, 648, 'S203'),
(1363, 648, 'S204'),
(1663, 648, 'S205'),
(649, 649, 'S206'),
(1364, 649, 'S207'),
(650, 650, 'S208'),
(1365, 650, 'S209'),
(651, 651, 'S210'),
(1366, 651, 'S211'),
(1664, 651, 'S212'),
(1777, 651, 'S213'),
(652, 652, 'S214'),
(1367, 652, 'S215'),
(653, 653, 'S216'),
(1368, 653, 'S217'),
(1665, 653, 'S218'),
(654, 654, 'S219'),
(1369, 654, 'S220'),
(1666, 654, 'S221'),
(655, 655, 'S222'),
(1370, 655, 'S223'),
(1667, 655, 'S224'),
(656, 656, 'S225'),
(1371, 656, 'S226'),
(657, 657, 'S227'),
(1372, 657, 'S228'),
(658, 658, 'S229'),
(1373, 658, 'S230'),
(659, 659, 'S231'),
(1374, 659, 'S232'),
(660, 660, 'S233'),
(1375, 660, 'S234'),
(1668, 660, 'S235'),
(661, 661, 'S236'),
(1376, 661, 'S237'),
(662, 662, 'S238'),
(1377, 662, 'S239'),
(663, 663, 'S240'),
(1378, 663, 'S241'),
(664, 664, 'S242'),
(1379, 664, 'S243'),
(1669, 664, 'S244'),
(665, 665, 'S245'),
(1380, 665, 'S246'),
(666, 666, 'S247'),
(1381, 666, 'S248'),
(1670, 666, 'S249'),
(667, 667, 'S250'),
(1382, 667, 'S251'),
(668, 668, 'S252'),
(1383, 668, 'S253'),
(669, 669, 'S254'),
(1384, 669, 'S255'),
(670, 670, 'S256'),
(1385, 670, 'S257'),
(671, 671, 'S258'),
(1386, 671, 'S259'),
(1671, 671, 'S260'),
(672, 672, 'S261'),
(1387, 672, 'S262'),
(673, 673, 'S263'),
(1388, 673, 'S264'),
(674, 674, 'S265'),
(1389, 674, 'S266'),
(1672, 674, 'S267'),
(675, 675, 'S268'),
(1390, 675, 'S269'),
(676, 676, 'S270'),
(1391, 676, 'S271'),
(1673, 676, 'S272'),
(677, 677, 'S273'),
(1392, 677, 'S274'),
(1674, 677, 'S275'),
(678, 678, 'S276'),
(1393, 678, 'S277'),
(679, 679, 'S278'),
(1394, 679, 'S279'),
(1675, 679, 'S280'),
(680, 680, 'S281'),
(1395, 680, 'S282'),
(681, 681, 'S283'),
(1396, 681, 'S284'),
(1676, 681, 'S285'),
(682, 682, 'S286'),
(1397, 682, 'S287'),
(1677, 682, 'S288'),
(1778, 682, 'S289'),
(683, 683, 'S290'),
(1398, 683, 'S291'),
(1678, 683, 'S292'),
(684, 684, 'S293'),
(1399, 684, 'S294'),
(1679, 684, 'S295'),
(685, 685, 'S296'),
(1400, 685, 'S297'),
(1680, 685, 'S298'),
(1779, 685, 'S299'),
(1806, 685, 'S300'),
(686, 686, 'S301'),
(1401, 686, 'S302'),
(1681, 686, 'S303'),
(1780, 686, 'S304'),
(687, 687, 'S305'),
(1402, 687, 'S306'),
(688, 688, 'S307'),
(1403, 688, 'S308'),
(1682, 688, 'S309'),
(1781, 688, 'S310'),
(1807, 688, 'S311'),
(689, 689, 'S312'),
(1404, 689, 'S313'),
(690, 690, 'S314'),
(1405, 690, 'S315'),
(691, 691, 'S316'),
(1406, 691, 'S317'),
(1683, 691, 'S318'),
(1782, 691, 'S319'),
(1808, 691, 'S320'),
(692, 692, 'S321'),
(1407, 692, 'S322'),
(693, 693, 'S323'),
(1408, 693, 'S324'),
(1684, 693, 'S325'),
(694, 694, 'S326'),
(1409, 694, 'S327'),
(695, 695, 'S328'),
(1410, 695, 'S329'),
(696, 696, 'S330'),
(1411, 696, 'S331'),
(1685, 696, 'S332'),
(697, 697, 'S333'),
(1412, 697, 'S334'),
(698, 698, 'S335'),
(1413, 698, 'S336'),
(699, 699, 'S337'),
(1414, 699, 'S338'),
(1686, 699, 'S339'),
(700, 700, 'S340'),
(1415, 700, 'S341'),
(701, 701, 'S342'),
(1416, 701, 'S343'),
(702, 702, 'S344'),
(1417, 702, 'S345'),
(1687, 702, 'S346'),
(703, 703, 'S347'),
(1418, 703, 'S348'),
(704, 704, 'S349'),
(1419, 704, 'S350'),
(1688, 704, 'S351'),
(705, 705, 'S352'),
(1420, 705, 'S353'),
(706, 706, 'S354'),
(1421, 706, 'S355'),
(707, 707, 'S356'),
(1422, 707, 'S357'),
(1689, 707, 'S358'),
(708, 708, 'S359'),
(1423, 708, 'S360'),
(1690, 708, 'S361'),
(709, 709, 'S362'),
(1424, 709, 'S363'),
(710, 710, 'S364'),
(1425, 710, 'S365'),
(1691, 710, 'S366'),
(711, 711, 'S367'),
(1426, 711, 'S368'),
(712, 712, 'S369'),
(1427, 712, 'S370'),
(1692, 712, 'S371'),
(713, 713, 'S372'),
(1428, 713, 'S373'),
(1693, 713, 'S374'),
(1783, 713, 'S375'),
(714, 714, 'S376'),
(1429, 714, 'S377'),
(715, 715, 'S378'),
(1430, 715, 'S379');

-- --------------------------------------------------------

--
-- Table structure for table `gps_data`
--

CREATE TABLE IF NOT EXISTS `gps_data` (
  `id` int(11) NOT NULL AUTO_INCREMENT,
  `read_time` timestamp NOT NULL DEFAULT CURRENT_TIMESTAMP ON UPDATE CURRENT_TIMESTAMP,
  `latitude` double DEFAULT NULL,
  `longtitude` double DEFAULT NULL,
  `altitude` double DEFAULT NULL,
  `satellites` int(11) DEFAULT NULL,
  `hdop` float DEFAULT NULL,
  `raw_data` varchar(200) DEFAULT NULL,
  PRIMARY KEY (`id`)
) ENGINE=InnoDB DEFAULT CHARSET=utf8 AUTO_INCREMENT=1 ;

-- --------------------------------------------------------

--
-- Table structure for table `households`
--

CREATE TABLE IF NOT EXISTS `households` (
  `id` int(11) NOT NULL AUTO_INCREMENT,
  `siteId` int(11) DEFAULT NULL,
  `hhid` varchar(10) NOT NULL,
  `hhhead` varchar(50) NOT NULL,
  PRIMARY KEY (`id`),
  UNIQUE KEY `hhid` (`hhid`),
  KEY `siteId` (`siteId`)
) ENGINE=InnoDB  DEFAULT CHARSET=latin1 AUTO_INCREMENT=716 ;

--
-- Dumping data for table `households`
--

INSERT INTO `households` (`id`, `siteId`, `hhid`, `hhhead`) VALUES
(1, 1, 'BUT00101', 'REFA MANYASI'),
(2, 1, 'BUT00102', 'WILSHAMJACOB OMOLO'),
(3, 1, 'BUT00103', 'JOHN MKALA'),
(4, 1, 'BUT00104', 'PATRIK MULAMA KHAMALA'),
(5, 1, 'BUT00201', 'FLORIDA ANYANGO'),
(6, 1, 'BUT00202', 'CATHERINE ABWAMU'),
(7, 1, 'BUT00204', 'ZEDIAH OMUGANDA'),
(8, 1, 'BUT00205', 'PHILLIP ASWANI'),
(9, 1, 'BUT00207', 'PETERMARTIN WADAWA'),
(10, 1, 'BUT00209', 'IBRAHIM NANDWA'),
(11, 1, 'BUT00210', 'OUTA H SABASTO'),
(12, 1, 'BUT00301', 'DANIEL MBOYA'),
(13, 1, 'BUT00302', 'BERVERLY AWINJA'),
(14, 1, 'BUT00303', 'RAEL NANDWA'),
(15, 1, 'BUT00304', 'EVERLINE AYALO'),
(16, 1, 'BUT00305', 'AURTHER OMINDE'),
(17, 1, 'BUT00306', 'HELLEN SHIUNDU'),
(18, 1, 'BUT00401', 'MAYAMBO OLUOCH'),
(19, 1, 'BUT00402', 'MIKE OKOTH'),
(20, 1, 'BUT00403', 'FRANCIS SAFU'),
(21, 1, 'BUT00501', 'CHRISTINE NYABERA'),
(22, 1, 'BUT00502', 'AGLAI OKELLO'),
(23, 1, 'BUT00503', 'NANCY OWANO OKUSIMBA'),
(24, 1, 'BUT00504', 'HESBON OKETCH'),
(25, 1, 'BUT00601', 'BENJAMIN TUNGANI'),
(26, 1, 'BUT00602', 'BROWN AURA'),
(27, 1, 'BUT00603', 'CHRITOPHERCAROLINEOMOLO'),
(28, 1, 'BUT00604', 'NELSON SHIUNDU'),
(29, 1, 'BUT00801', 'MOHAMMED HAMISI'),
(30, 1, 'BUT00802', 'SAULO EKONYA'),
(31, 1, 'BUT00803', 'AURTHER ARUNGA'),
(32, 1, 'BUT00804', 'WELLINGTON CHIBAI'),
(33, 1, 'BUT00805', 'ENORI EMUKHAKA'),
(34, 1, 'BUT00901', 'KENNEDY LILOBA'),
(35, 1, 'BUT00902', 'ENOCH WABWIRE'),
(36, 1, 'BUT00903', 'RICHARD EMBOKO'),
(37, 1, 'BUT00904', 'JOSEPH NDUKWE'),
(38, 1, 'BUT01301', 'BROWN KUTSWA'),
(39, 1, 'BUT01302', 'MARTIN ANYANGU'),
(40, 1, 'BUT01303', 'PARTRICK OKOMA'),
(41, 1, 'BUT01304', 'MICHAEL SANDE'),
(42, 1, 'BUT01305', 'EUNICE OLANDO'),
(43, 1, 'BUT01306', 'ACHANDO TWYLA'),
(44, 1, 'BUT01307', 'FRANCIS OWIYE'),
(45, 1, 'BUT01401', 'JAMES MLECHE OPIYO'),
(46, 1, 'BUT01402', 'HAGGAI ETEMESI KUTOI'),
(47, 1, 'BUT01403', 'ERICK ETEMESI'),
(48, 1, 'BUT01404', 'ESTER AWUOR ALWANGA'),
(49, 1, 'BUT01405', 'SAMWUEL OMENO'),
(50, 1, 'BUT01406', 'FELISTA LULA'),
(51, 1, 'BUT01407', 'HUDSON AKHANYINYA'),
(52, 1, 'BUT01408', 'WILLIAM CHIBOLE'),
(53, 1, 'BUT01409', 'KEPHA OBWAMBU'),
(54, 1, 'BUT01501', 'DAVID AMATOSHE'),
(55, 1, 'BUT01502', 'DR.ALFRED WERE'),
(56, 1, 'BUT01503', 'WILLIAM ERONDA'),
(57, 1, 'BUT01504', 'CLEMENT AMUHAMA'),
(58, 1, 'BUT01601', 'HARRISON OCHIENG'),
(59, 1, 'BUT01602', 'JERIDA AMOLI KUTSTWA'),
(60, 1, 'BUT01603', 'JOHNAM AMUNGA AYAYA'),
(61, 1, 'BUT01604', 'JOSHUA SHIROKO'),
(62, 1, 'BUT01901', 'MARY AKALI'),
(63, 1, 'BUT01903', 'VIOLET ASHIWANI'),
(64, 1, 'BUT01904', 'ROBBERT MAYANGA'),
(65, 1, 'BUT01905', 'ENOK OKWANY'),
(66, 1, 'BUT01906', 'SALOME OMUKUBA'),
(67, 1, 'BUT01908', 'WYCLIFFLYDIA OBOTE'),
(68, 1, 'BUT01909', 'AGREY ASHABWE'),
(69, 1, 'BUT02201', 'EDWARD MCHELULE'),
(70, 1, 'BUT02202', 'DANIEL SABULA'),
(71, 1, 'BUT02203', 'MAGDALINE OKUTOI'),
(72, 1, 'BUT02204', 'MORRIS ASKALA'),
(73, 1, 'BUT02301', 'EDWARDALFREDA OMINDE'),
(74, 1, 'BUT02302', 'BENSONNIPHAR AYENGO'),
(75, 1, 'BUT02303', 'MACHEMO CHARLES'),
(76, 1, 'BUT02501', 'PETER AMUNGA'),
(77, 1, 'BUT02502', 'LUKE ERAMBO'),
(78, 1, 'BUT02503', 'LEONIDA ERAMBO'),
(79, 1, 'BUT02504', 'WYCLIFF WOCHAMI'),
(80, 1, 'BUT02505', 'ABRAHAM DOBI OKALO'),
(81, 1, 'BUT02506', 'PETER OKALO'),
(82, 1, 'BUT02601', 'AUGUSTINE MSANYA'),
(83, 1, 'BUT02602', 'JOSHUA ACHONJO LIPESA'),
(84, 1, 'BUT02603', 'JULIA MADARA'),
(85, 1, 'BUT02604', 'FREDRIK ANZIYA'),
(86, 1, 'BUT02605', 'EARNEST ODINGA'),
(87, 1, 'BUT02701', 'JANE OINDI'),
(88, 1, 'BUT02702', 'ERNEST KUTA'),
(89, 1, 'BUT02703', 'NICHOLAS OGONGO'),
(90, 1, 'BUT02704', 'LAWRENCE OYANDO'),
(91, 1, 'BUT02705', 'HOSEA MSITA'),
(92, 1, 'BUT02801', 'AMBASU JASTUS ANDENDE'),
(93, 1, 'BUT02803', 'PHELISIA EPICHE'),
(94, 1, 'BUT02804', 'COLLETA ERES'),
(95, 1, 'BUT02805', 'FRANCIS OKATSIA'),
(96, 1, 'BUT03201', 'PAULINA MOMBOO'),
(97, 1, 'BUT03202', 'SAMWEL AMBROSE SAKWA'),
(98, 1, 'BUT03203', 'ERASTUS MBALE'),
(99, 1, 'BUT03204', 'MUKHOLI AGGREY'),
(100, 1, 'BUT03205', 'EMILLY KHATESHI ANENE'),
(101, 1, 'BUT03301', 'WILSON ETEMESI'),
(102, 1, 'BUT03302', 'BEATRICE OKOT'),
(103, 1, 'BUT03303', 'HARRISON INDIMULI'),
(104, 1, 'BUT03304', 'JOSEPH ESHITEMI'),
(105, 1, 'BUT03305', 'JOSEPH WANYAMA'),
(106, 1, 'BUT03501', 'MARCINA MADUNYI'),
(107, 1, 'BUT03502', 'LIVINGSTONE WASHIALI'),
(108, 1, 'BUT03503', 'CHRISTOPHER ATEYA'),
(109, 1, 'BUT03504', 'MOSES AKWIRI NANDWA'),
(110, 1, 'BUT03505', 'SARAH AYAKO'),
(111, 1, 'BUTR0101', 'ZADDOK OMBUNY'),
(112, 1, 'BUTR0102', 'HARRISON AMUNGA'),
(113, 1, 'BUTR0103', 'JACKSON ANDEYI'),
(114, 1, 'BUTR0104', 'ZELPHA NAMAYA'),
(115, 1, 'BUTR0301', 'ISAAC ASHUMA'),
(116, 1, 'BUTR0302', 'CALEB OMINDE'),
(117, 1, 'BUTR0303', 'JOHN ANJERA'),
(118, 1, 'BUTR0304', 'MAGRET MUTAMBI'),
(119, 1, 'BUTR0305', 'MOSES AKWARO'),
(120, 1, 'BUTR0306', 'JULIAS SONGA'),
(121, 1, 'BUTR0901', 'JAMES MATERE ATSULU'),
(122, 1, 'BUTR0902', 'SAMWEL OSORE'),
(123, 1, 'BUTR0903', 'PARTRIK SHIHATI'),
(124, 1, 'BUTR0904', 'EDNA ASALE'),
(125, 1, 'BUTR0905', 'JOHN OSALE'),
(126, 1, 'BUTR0906', 'JONHSON NYAMWATA'),
(127, 1, 'BUTR0907', 'NELLY OPEMBE'),
(128, 1, 'BUTR1201', 'GEORGE ONDUSO'),
(129, 1, 'BUTR1202', 'LAWRENCE ONDUSO'),
(130, 1, 'BUTR1203', 'JILL INYANDO'),
(131, 1, 'BUTR1204', 'JARED SHIHULE'),
(132, 1, 'BUTR1701', 'JACKSON WAKHULE'),
(133, 1, 'BUTR1702', 'RICHARD TSALWA AMWAI'),
(134, 1, 'BUTR1703', 'ALEX OLESU'),
(135, 1, 'BUTR1704', 'SYLVESTER WASHIALI'),
(136, 1, 'BUTR1705', 'GAITANO HUMPHREY'),
(137, 1, 'BUTR1706', 'ELKANAH MBATI'),
(138, 2, 'KAP00101', 'JONATHAN TEIGUT'),
(139, 2, 'KAP00102', 'ERICK SITIENEI'),
(140, 2, 'KAP00103', 'CHRISTOPHER RUTTOH'),
(141, 2, 'KAP00105', 'WILLIAM ROTICH'),
(142, 2, 'KAP00202', 'JOSEPH MITEI'),
(143, 2, 'KAP00203', 'WILSON TONUI'),
(144, 2, 'KAP00204', 'JACOB MUGUN'),
(145, 2, 'KAP00205', 'SIMION RUTTOH'),
(146, 2, 'KAP00401', 'JOSHUA TUM'),
(147, 2, 'KAP00402', 'JULIUS MALAKWEN'),
(148, 2, 'KAP00403', 'RAEL TAI'),
(149, 2, 'KAP00501', 'STEVEN KOECH'),
(150, 2, 'KAP00502', 'ELPHAS MUNAI'),
(151, 2, 'KAP00503', 'LEAH BETT'),
(152, 2, 'KAP00504', 'WILLIAM CHEPKWONY'),
(153, 2, 'KAP00505', 'THERESA TOO'),
(154, 2, 'KAP00701', 'JULIUS TUEI'),
(155, 2, 'KAP00702', 'ALBERT KURGAT'),
(156, 2, 'KAP00703', 'CLEMENT CHUMBA'),
(157, 2, 'KAP00704', 'PETER TOO'),
(158, 2, 'KAP00801', 'MARY MULWO'),
(159, 2, 'KAP00802', 'JAMES ROTICH'),
(160, 2, 'KAP00803', 'JOSHUA SAINA'),
(161, 2, 'KAP00804', 'JULIUS SEREM'),
(162, 2, 'KAP00805', 'AMOS TOT'),
(163, 2, 'KAP01001', 'REUBEN RONO'),
(164, 2, 'KAP01002', 'SAMWEL KIPTUM'),
(165, 2, 'KAP01004', 'JOSEPH TUEI'),
(166, 2, 'KAP01005', 'SILA SOME'),
(167, 2, 'KAP01101', 'GABREL KOSKEI'),
(168, 2, 'KAP01102', 'PHILIP NYOLEI'),
(169, 2, 'KAP01103', 'PAULINE BIRIR'),
(170, 2, 'KAP01104', 'SIGILAI CHIRCHIR'),
(171, 2, 'KAP01105', 'RHODA MUREI'),
(172, 2, 'KAP01401', 'JOHN KAON'),
(173, 2, 'KAP01402', 'PETER TONUI'),
(174, 2, 'KAP01403', 'SAMWEL KOGO'),
(175, 2, 'KAP01404', 'PHILIP MOBO'),
(176, 2, 'KAP01405', 'SELINA SEREM'),
(177, 2, 'KAP01601', 'JOHN SIELE'),
(178, 2, 'KAP01602', 'MARY NGOSOSEI'),
(179, 2, 'KAP01603', 'SYLVESTER METTO'),
(180, 2, 'KAP01604', 'CATHERINE MUREI'),
(181, 2, 'KAP01605', 'DAVID BOR'),
(182, 2, 'KAP01801', 'ELPHAS KITUR'),
(183, 2, 'KAP01802', 'JACKSON SAMBU'),
(184, 2, 'KAP01803', 'HELLEN BOEN'),
(185, 2, 'KAP01804', 'TARUS WILLY'),
(186, 2, 'KAP01805', 'ANTHONY ROTICH'),
(187, 2, 'KAP01901', 'PSUGUT MAINA'),
(188, 2, 'KAP01902', 'REBECCA KETER'),
(189, 2, 'KAP01904', 'JAMES KOGO'),
(190, 2, 'KAP01905', 'STEVEN MELI'),
(191, 2, 'KAP02001', 'JULIUS SANG'),
(192, 2, 'KAP02002', 'MICHAEL SOIMO'),
(193, 2, 'KAP02003', 'KIMAGUT BUSIENEI'),
(194, 2, 'KAP02004', 'SAMWEL KEMBOI'),
(195, 2, 'KAP02005', 'DAVID SAWE'),
(196, 2, 'KAP02201', 'JOSPHAT RONO'),
(197, 2, 'KAP02202', 'BITOK'),
(198, 2, 'KAP02204', 'ELIZABETH RONO'),
(199, 2, 'KAP02205', 'GLADYS KIRUI'),
(200, 2, 'KAP02301', 'JONAH CHOGE'),
(201, 2, 'KAP02303', 'CLEOPHAS MISOI'),
(202, 2, 'KAP02304', 'MICHAEL NGETICH'),
(203, 2, 'KAP02305', 'THOMAS RONO'),
(204, 2, 'KAP02401', 'ZEDDY NGETICH'),
(205, 2, 'KAP02402', 'BEN LAGAT'),
(206, 2, 'KAP02403', 'JONAH NGENY'),
(207, 2, 'KAP02404', 'JOEL KITUR'),
(208, 2, 'KAP02405', 'WILLY LAGAT'),
(209, 2, 'KAP02501', 'DANIEL KIRWA'),
(210, 2, 'KAP02502', 'JACKSON ARUSEI'),
(211, 2, 'KAP02503', 'LENA KORIR'),
(212, 2, 'KAP02601', 'IRINE KOECH'),
(213, 2, 'KAP02602', 'CELESTINE RUTTOH'),
(214, 2, 'KAP02603', 'PAMELA YATOR'),
(215, 2, 'KAP02604', 'MARK MUINDI'),
(216, 2, 'KAP02605', 'DANIEL YEGON'),
(217, 2, 'KAP03001', 'THOMAS SEREM'),
(218, 2, 'KAP03003', 'LAZARUS KILACH'),
(219, 2, 'KAP03004', 'NICHOLAS KIPTOO'),
(220, 2, 'KAP03005', 'LYDIA MISOI'),
(221, 2, 'KAP03201', 'EDWARD TOGOM'),
(222, 2, 'KAP03202', 'DAVID CHEPKWONY'),
(223, 2, 'KAP03203', 'SILAS NGETICH'),
(224, 2, 'KAP03204', 'JOASH BITOK'),
(225, 2, 'KAP03205', 'DAVID NGETICH'),
(226, 2, 'KAP03501', 'DAVID BETT'),
(227, 2, 'KAP03502', 'RAEL KETER'),
(228, 2, 'KAP03503', 'CHRISTOPHER BETT'),
(229, 2, 'KAP03504', 'SIMON BOR'),
(230, 2, 'KAP03505', 'SOLOMON BOR'),
(231, 2, 'KAPR0301', 'ROBERT KURGAT'),
(232, 2, 'KAPR0302', 'JANE METTO'),
(233, 2, 'KAPR0303', 'JULIUS BETT'),
(234, 2, 'KAPR0304', 'BEN CHOGE'),
(235, 2, 'KAPR0305', 'DRTHY TALAM'),
(236, 2, 'KAPR0401', 'WILSON MAIYO'),
(237, 2, 'KAPR0402', 'CLEOPHAS KOSKEI'),
(238, 2, 'KAPR0403', 'DAVID LELEI'),
(239, 2, 'KAPR0405', 'SIMON MUTAI'),
(240, 2, 'KAPR0501', 'WILSON CHEPKWONY'),
(241, 2, 'KAPR0503', 'ABRAHAM TONUI'),
(242, 2, 'KAPR0504', 'WILSON TONUI'),
(243, 2, 'KAPR0505', 'JOHN KEMBOI'),
(244, 2, 'KAPR0601', 'REBECCA CHEMANGA'),
(245, 2, 'KAPR0602', 'EMILY BOR'),
(246, 2, 'KAPR0603', 'JANE NGETUNY'),
(247, 2, 'KAPR0604', 'FREDRICK MELI'),
(248, 2, 'KAPR0605', 'JAMES TUEI'),
(249, 2, 'KAPR0701', 'PIUS KIPLAGAT'),
(250, 2, 'KAPR0702', 'JAMES KURGAT'),
(251, 2, 'KAPR0703', 'FRANCIS YEGON'),
(252, 2, 'KAPR0704', 'ROSEBELLAH ROTICH'),
(253, 2, 'KAPR0705', 'JOSEPH RUGUT'),
(254, 2, 'KAPR0801', 'SIELE KIMUTAI'),
(255, 2, 'KAPR0802', 'JOHN LAGAT'),
(256, 2, 'KAPR0803', 'MIKE TENAI'),
(257, 2, 'KAPR0804', 'ALFAYO MATEBOR'),
(258, 2, 'KAPR0805', 'MAIYO KIPKIRONG'),
(259, 2, 'KAPR1301', 'GLADYS BUNGEI'),
(260, 2, 'KAPR1302', 'TOBIAS LIMO'),
(261, 2, 'KAPR1303', 'THOMAS SANG'),
(262, 2, 'KAPR1304', 'DAVIS CHOGE'),
(263, 2, 'KAPR1305', 'ELIZABETH SAMBU'),
(264, 2, 'KAPR1401', 'ROSE CHUMBA'),
(265, 2, 'KAPR1402', 'MIKE RUTTO'),
(266, 2, 'KAPR1403', 'JAPHET SANG'),
(267, 2, 'KAPR1404', 'COLLINS MENJO'),
(268, 2, 'KAPR1405', 'JACOB MUTAI'),
(269, 2, 'KAPR1501', 'JENIFFER MUTAI'),
(270, 2, 'KAPR1502', 'KIPRONO SAMOEI'),
(271, 2, 'KAPR1503', 'SAMWEL MAIYO'),
(272, 2, 'KAPR1504', 'BARNABAS BITOK'),
(273, 2, 'KAPR1505', 'EUNICE SEREM'),
(274, 2, 'KAPR1601', 'WILLIAM TARUS'),
(275, 2, 'KAPR1602', 'LEAH KEINO'),
(276, 2, 'KAPR1603', 'KIMISOI ROP'),
(277, 2, 'KAPR1604', 'RICHARD TUEI'),
(278, 2, 'KAPR1605', 'JOHN TONUI'),
(279, 2, 'KAPR1801', 'JOSEPH MELI'),
(280, 2, 'KAPR1802', 'NOAH MAIYO'),
(281, 2, 'KAPR1803', 'SHADRACK MAIYO'),
(282, 2, 'KAPR1804', 'WILSON RUGUT'),
(283, 2, 'KAPR1805', 'DAVID MELI'),
(284, 3, 'MET00101', 'JOSEPH KIMELI RONO'),
(285, 3, 'MET00102', 'JANE CHEMELI BITOK'),
(286, 3, 'MET00103', 'CLARA CHEMISIK TUWEI'),
(287, 3, 'MET00104', 'JOSEPH NYANGO'),
(288, 3, 'MET00401', 'JOSEPH KIPTOO SANG'),
(289, 3, 'MET00402', 'SOLOMON KEMEI'),
(290, 3, 'MET00403', 'PAUL KIRWA'),
(291, 3, 'MET00404', 'CHERUIYOT MUGE'),
(292, 3, 'MET00405', 'PAUL BOROK'),
(293, 3, 'MET00502', 'HENRY SIMATWA'),
(294, 3, 'MET00503', 'DAVID MAIYO'),
(295, 3, 'MET00505', 'JOHN K. KOSGEY'),
(296, 3, 'MET00506', 'WILLY NGENO'),
(297, 3, 'MET00507', 'JOHN CHEPKWONY'),
(298, 3, 'MET00509', 'TERER DAN'),
(299, 3, 'MET00601', 'PAUL RUGUT'),
(300, 3, 'MET00602', 'SIMION LAGAT'),
(301, 3, 'MET00603', 'FRANCIS MOSOIN'),
(302, 3, 'MET00604', 'JOSEPH SITINEI'),
(303, 3, 'MET00605', 'JOSHUA KOKO'),
(304, 3, 'MET01001', 'KENNEDY BII'),
(305, 3, 'MET01002', 'ALICE LANGAT'),
(306, 3, 'MET01003', 'RICHARD LANGAT'),
(307, 3, 'MET01004', 'WILSON LELEI'),
(308, 3, 'MET01005', 'JOSHUA KIPROTICH MELI'),
(309, 3, 'MET01101', 'DAVID ROTICH'),
(310, 3, 'MET01102', 'WILLIAM ROTICH'),
(311, 3, 'MET01103', 'CARRISON KIPKOECH'),
(312, 3, 'MET01104', 'DAVID BII'),
(313, 3, 'MET01105', 'JOSEPH KIKWAI'),
(314, 3, 'MET01201', 'DORCAS BUSHENE'),
(315, 3, 'MET01202', 'CLARA LELAN'),
(316, 3, 'MET01203', 'JAMES CHUMBA'),
(317, 3, 'MET01204', 'ROBERT CHUMA'),
(318, 3, 'MET01205', 'JOHN MALAKWEN CHIRCHIR'),
(319, 3, 'MET01206', 'JAMES TOWET'),
(320, 3, 'MET01501', 'SALINAH BITOK'),
(321, 3, 'MET01502', 'JOSEPH LELEI'),
(322, 3, 'MET01503', 'SALMON ROTICH'),
(323, 3, 'MET01504', 'KOKEY CHERUIYOT'),
(324, 3, 'MET01505', 'WILLIAM KEMBOI'),
(325, 3, 'MET01601', 'STEVEN YEGO'),
(326, 3, 'MET01603', 'HENRY KISORIA'),
(327, 3, 'MET01604', 'PAUL LETTING'),
(328, 3, 'MET01605', 'KIPLETING CHEPKWONY'),
(329, 3, 'MET01701', 'JAMES KOECH'),
(330, 3, 'MET01702', 'RICHARD KIRUI'),
(331, 3, 'MET01703', 'JOB ARAP SIKILAI'),
(332, 3, 'MET01704', 'EMILY METOO'),
(333, 3, 'MET01801', 'STEPHEN TUWEI'),
(334, 3, 'MET01802', 'ELIMINA OMBWUDU'),
(335, 3, 'MET01803', 'JOHN MBUTIA'),
(336, 3, 'MET01804', 'KIPNGETICH CHEPKWANIY'),
(337, 3, 'MET01805', 'FRANCIS MUREI'),
(338, 3, 'MET01902', 'JAMES TANUI'),
(339, 3, 'MET01903', 'PETER CHERUIYOT'),
(340, 3, 'MET01904', 'ISAAC KOTEI'),
(341, 3, 'MET01905', 'JOSHUA MARITIM'),
(342, 3, 'MET01906', 'SAMWUEL CHEPKWONY'),
(343, 3, 'MET02001', 'MICAH ROTICH'),
(344, 3, 'MET02002', 'SAMWUEL KOECH'),
(345, 3, 'MET02003', 'DAVID NGE''NO'),
(346, 3, 'MET02004', 'PAULO CHOGE'),
(347, 3, 'MET02005', 'DAVID BIRIR'),
(348, 3, 'MET02102', 'JOSPHAT KEMBOI'),
(349, 3, 'MET02103', 'DANIEL MARTIM'),
(350, 3, 'MET02105', 'HENRY RONO'),
(351, 3, 'MET02301', 'ERNEST KOSGEY'),
(352, 3, 'MET02302', 'MICHAEL NGO''K'),
(353, 3, 'MET02303', 'WILSON TOO'),
(354, 3, 'MET02304', 'WILSON MARITIM'),
(355, 3, 'MET02305', 'SIMON KOECH'),
(356, 3, 'MET02401', 'STEVEN KIPLIMO BIRGEN'),
(357, 3, 'MET02403', 'WILLY BIRGEN'),
(358, 3, 'MET02404', 'WILSON MUREI'),
(359, 3, 'MET02405', 'HENRY BIRGEN'),
(360, 3, 'MET02601', 'EMILY SUNGUT'),
(361, 3, 'MET02603', 'RICHARD SANG'),
(362, 3, 'MET02604', 'PAUL MAGUT'),
(363, 3, 'MET02605', 'WILLIAM BOEN'),
(364, 3, 'MET02801', 'KIPKORIR ARAP RUGUT'),
(365, 3, 'MET02802', 'WILLIAM KORIR'),
(366, 3, 'MET02803', 'PAUL MABWAYI'),
(367, 3, 'MET02804', 'JULIUS MELI'),
(368, 3, 'MET02901', 'SARAH MAKUTI'),
(369, 3, 'MET02902', 'SIMION KOKO'),
(370, 3, 'MET02903', 'SAMWUEL KEMBOI'),
(371, 3, 'MET02904', 'MONICAH CHEPKORIR'),
(372, 3, 'MET02905', 'SIMION ARUSEI'),
(373, 3, 'MET03001', 'SAMWUEL KIMUTAI'),
(374, 3, 'MET03003', 'SIMION BETT'),
(375, 3, 'MET03004', 'JOHANAH LIMO'),
(376, 3, 'MET03006', 'SARAH SITIENEI'),
(377, 3, 'MET03007', 'DAVID RAGUT'),
(378, 3, 'MET03101', 'ISAAC NGE''NY'),
(379, 3, 'MET03103', 'MIKE BITOK'),
(380, 3, 'MET03104', 'DAVID KIPTARUS'),
(381, 3, 'MET03105', 'ELIZABETH KOSGEY'),
(382, 3, 'MET03201', 'JOHN LELEI'),
(383, 3, 'MET03202', 'MARY SOI'),
(384, 3, 'MET03203', 'DANIEL NG''ETICH'),
(385, 3, 'MET03204', 'NIXON LAGAT'),
(386, 3, 'MET03205', 'PAUL TALE TEMBUR'),
(387, 3, 'MET03206', 'WILSON KIOS'),
(388, 3, 'METR0301', 'PAULINE BORE'),
(389, 3, 'METR0302', 'RICHARD LAGAT'),
(390, 3, 'METR0304', 'SIMION KOECH'),
(391, 3, 'METR0305', 'JAMES KOSGEY'),
(392, 3, 'METR0306', 'RICHARD KOSGEY'),
(393, 3, 'METR0701', 'JULIUS KOSACHEI'),
(394, 3, 'METR0702', 'SAMMY TENEI'),
(395, 3, 'METR0703', 'REMMY KOSGEY'),
(396, 3, 'METR0704', 'PATRICK MARITIN'),
(397, 3, 'METR0705', 'EDWIN KOSGEY'),
(398, 3, 'METR0801', 'ISAAC KIPKOSGEY'),
(399, 3, 'METR0802', 'JULIUS TUWEI'),
(400, 3, 'METR0803', 'JOHN TUWEI KIMISIK'),
(401, 3, 'METR0804', 'JULIUS MAGUT'),
(402, 3, 'METR0805', 'ROSELYNE SAWE'),
(403, 3, 'METR0901', 'ANNAH KARANI'),
(404, 3, 'METR0902', 'JUDITH SIELE'),
(405, 3, 'METR0903', 'GEOFFREY RUTO'),
(406, 3, 'METR0904', 'FRANCIS KUNGUN'),
(407, 3, 'METR0905', 'DAVID BII'),
(408, 3, 'METR1201', 'SAMWUEL BITOK'),
(409, 3, 'METR1203', 'JACOB RONO'),
(410, 3, 'METR1204', 'JAMES TANUI'),
(411, 3, 'METR1205', 'JOSEPH TUWEI'),
(412, 3, 'METR1501', 'PAUL SANG'),
(413, 3, 'METR1502', 'RACHAEL KOSGEY'),
(414, 3, 'METR1503', 'JOHN KIPKOECH SONGONK'),
(415, 3, 'METR1504', 'MARY LELE'),
(416, 3, 'METR1505', 'JOSEPH KIBITOK KEBENEI'),
(417, 3, 'METR1701', 'DAVID KIMETO'),
(418, 3, 'METR1702', 'AUGUSTINE BETT'),
(419, 3, 'METR1703', 'LAZARO RUTTO'),
(420, 3, 'METR1704', 'FLORENCE KOSGEY'),
(421, 3, 'METR1705', 'JULIANA CHEPKOECH'),
(422, 4, 'RAS00101', 'JOHN S ANDANJE'),
(423, 4, 'RAS00102', 'MUCHUMA WELANGAI'),
(424, 4, 'RAS00103', 'INGAVI ANDANJE'),
(425, 4, 'RAS00104', 'SIMON IMBIAKHA'),
(426, 4, 'RAS00105', 'WILFRIDA AYERA'),
(427, 4, 'RAS00106', 'BURUDI OLIEO'),
(428, 4, 'RAS00107', 'KENETH ELIMBA'),
(429, 4, 'RAS00109', 'JOYCE ANDANJE'),
(430, 4, 'RAS00201', 'LUKA LIRU'),
(431, 4, 'RAS00202', 'JOMO MAGANA WANAMI'),
(432, 4, 'RAS00203', 'DANIEL WANAMI'),
(433, 4, 'RAS00204', 'SHEM SHIKUKU'),
(434, 4, 'RAS00205', 'RAJAB SIMIYU KEYA'),
(435, 4, 'RAS00206', 'PETRONILA NYAPOLA MASINDE'),
(436, 4, 'RAS00301', 'SHADRACK CHIBUYI'),
(437, 4, 'RAS00302', 'AGGREY KAKAI'),
(438, 4, 'RAS00303', 'SAMUEL MASINYA'),
(439, 4, 'RAS00304', 'BERNARD MULARA'),
(440, 4, 'RAS00305', 'MASINYA INZAI'),
(441, 4, 'RAS00401', 'BRAMUEL SUNGUTI'),
(442, 4, 'RAS00402', 'GHANA MWACHI'),
(443, 4, 'RAS00403', 'JOSHUA NAMISI LUCHELI'),
(444, 4, 'RAS00404', 'REUBEN MUCHIKA'),
(445, 4, 'RAS00405', 'PROF PETER SHALLO'),
(446, 4, 'RAS00501', 'ZACKAYO WALUMILIA'),
(447, 4, 'RAS00502', 'TIMOTHY SOITA'),
(448, 4, 'RAS00503', 'ROSE MASITSA'),
(449, 4, 'RAS00504', 'AMOS BARAZA LUBEMBE'),
(450, 4, 'RAS00505', 'JOSEPH LIANDA JUMA'),
(451, 4, 'RAS00506', 'CONSOLATA K MWALATI'),
(452, 4, 'RAS00507', 'JOHN SAYIA WABITO'),
(453, 4, 'RAS00508', 'RAMADHAN KARUNGANI'),
(454, 4, 'RAS00701', 'HUDSON ANYOLE'),
(455, 4, 'RAS00702', 'MARK NATIRI'),
(456, 4, 'RAS00703', 'JOHN WANYONYI'),
(457, 4, 'RAS00704', 'JASON LUTOMIA'),
(458, 4, 'RAS00801', 'EWING MWOMBE MAKHAKHA'),
(459, 4, 'RAS00802', 'SOLOMON CHILUI'),
(460, 4, 'RAS00803', 'LABAN CHILUI'),
(461, 4, 'RAS00804', 'ISAAC NDUNDE KARAKACHA'),
(462, 4, 'RASR1401', 'JOSEPH JUMA'),
(463, 4, 'RASR1402', 'REUBEN SILA SHIKOLI'),
(464, 4, 'RASR1403', 'ZACKAYO AMOZA'),
(465, 4, 'RAS01001', 'MUCHITI SHITANDA'),
(466, 4, 'RAS01002', 'NATHAN SANYA WANASWA'),
(467, 4, 'RAS01003', 'SAMUEL CHITUI SHIRUMA'),
(468, 4, 'RAS01004', 'ZACHARIA ODERA IMBUYE'),
(469, 4, 'RAS01005', 'LOICE KHASATSILI'),
(470, 4, 'RAS01006', 'REUBEN CHITUI'),
(471, 4, 'RAS01201', 'JAREDANDAYI'),
(472, 4, 'RAS01202', 'LABAN BALINYALA'),
(473, 4, 'RAS01203', 'JULIA AMOS LUTUVULA'),
(474, 4, 'RAS01204', 'STELLA LUTUVULA'),
(475, 4, 'RAS01205', 'GETRUDE KHALISIA SABUNI'),
(476, 4, 'RAS01206', 'CHISUTIA ISAAC'),
(477, 4, 'RAS01401', 'JOMO SAHENI'),
(478, 4, 'RAS01402', '_ZABLON WADONGO_'),
(479, 4, 'RAS01403', 'SHABAN MUSUMI'),
(480, 4, 'RAS01404', 'ZACHARIA M MWATIA[TOBIAS]'),
(481, 4, 'RAS01405', 'JOHN TANDE'),
(482, 4, 'RAS01701', 'ENOCK SHIKANGA'),
(483, 4, 'RAS01702', 'BEN MOI'),
(484, 4, 'RAS01703', 'ALPHAYO LUMO MASAVA'),
(485, 4, 'RAS01704', 'RONALD NGALA'),
(486, 4, 'RAS01801', 'WYCLIFFE S SHIKANGA'),
(487, 4, 'RAS01802', 'BENARD AMBULA NYANDAYA'),
(488, 4, 'RAS01803', 'PRISCA ATEMA KEYA'),
(489, 4, 'RAS01804', 'DAVID IMBIAKHA'),
(490, 4, 'RAS01805', 'DANIEL IMBIAKHA'),
(491, 4, 'RAS01806', 'COSAM AMUTAVI'),
(492, 4, 'RAS01901', 'THOMAS WADONGO'),
(493, 4, 'RAS01902', 'JIMMY M MOLENJE'),
(494, 4, 'RAS01903', 'JOAN A MANDILA'),
(495, 4, 'RAS01904', 'PRISCILA BURUDI'),
(496, 4, 'RAS01905', 'MOI BURUDI'),
(497, 4, 'RAS02101', 'MESHACK MATO'),
(498, 4, 'RAS02102', 'JOEL AMONDO'),
(499, 4, 'RAS02103', 'ELISHA JUMA'),
(500, 4, 'RAS02104', 'AINEA WANJIA'),
(501, 4, 'RAS02105', 'AVASHA'),
(502, 4, 'RAS02106', 'ISAAC RASHID'),
(503, 4, 'RAS02201', 'CATHERINE SHATUMA'),
(504, 4, 'RAS02202', 'HENRY MUKOSHI'),
(505, 4, 'RAS02203', 'SIKOLIA MULIEVI'),
(506, 4, 'RAS02204', 'JOEL KHARINDA SINDAVI'),
(507, 4, 'RAS02205', 'BILHA MUSA KHARINDA'),
(508, 4, 'RAS02301', 'ZACHARIA M MULIEVI'),
(509, 4, 'RAS02302', 'REUBEN NDALU'),
(510, 4, 'RAS02303', 'IBRAHIM SHIKUKU'),
(511, 4, 'RAS02304', 'MARK NGOME'),
(512, 4, 'RAS02305', 'EZEKIEL MUKHOLI'),
(513, 4, 'RAS02501', 'SIMEON SILIKWA'),
(514, 4, 'RAS02502', 'AGNES NAMISI LUCHELI'),
(515, 4, 'RAS02503', 'ANDREW LITALI'),
(516, 4, 'RAS02601', 'DANIEL MWATIA'),
(517, 4, 'RAS02602', 'WINES MUCHUMA'),
(518, 4, 'RAS02603', 'KUMBUSHO NAMSASI'),
(519, 4, 'RAS02701', 'DAVID TALITI MUSUNGU'),
(520, 4, 'RAS02702', 'SABINA M ANDIRO'),
(521, 4, 'RAS02703', 'CHRISTOPHER GOIGOI'),
(522, 4, 'RAS02704', 'JOSEPH NGAIRA'),
(523, 4, 'RAS02705', 'JUMA CHITIAVI'),
(524, 4, 'RAS02801', 'SAULO KOBOLE'),
(525, 4, 'RAS02802', 'TOM PATISI LUVAHA'),
(526, 4, 'RAS02803', 'JOHN MULUNDA KWOMA'),
(527, 4, 'RAS02804', 'CHRISTINE TAWAYI MUHUYI'),
(528, 4, 'RAS02805', 'SOITA MUHUYI'),
(529, 4, 'RAS03101', 'BARAZA MUHUYI'),
(530, 4, 'RAS03102', 'FRED BARAZA MUKONYOLEO'),
(531, 4, 'RAS03103', 'SHACHORA S.SUKUNWA'),
(532, 4, 'RAS03104', 'BOAZ MMASI'),
(533, 4, 'RAS03105', 'KATAM WHITE'),
(534, 4, 'RASR0202', 'SHALO SHIUMA'),
(535, 4, 'RASR0203', 'RICHARD SUKUNWA'),
(536, 4, 'RASR0204', 'SHEM KWALANDA'),
(537, 4, 'RASR0205', 'MARGARET MUKOYANI'),
(538, 4, 'RASR0401', 'NELSON SAYIA'),
(539, 4, 'RASR0402', 'EDWARD MUKONYI'),
(540, 4, 'RASR0403', 'JAMES PEPELA MMASI'),
(541, 4, 'RASR0404', 'SIMON MMASI'),
(542, 4, 'RASR0405', 'MARY MUKALO'),
(543, 4, 'RASR0501', 'ELIJAH FUNDI LUCHELI'),
(544, 4, 'RASR0504', 'SAMUEL MUCHINA'),
(545, 4, 'RASR0801', 'SAUL K AMUNZE'),
(546, 4, 'RASR0802', 'RICHARD KOMBO'),
(547, 4, 'RASR0803', 'JUDITH TIISA'),
(548, 4, 'RASR0804', 'ISAIAH KWANDEKA'),
(549, 4, 'RASR0805', 'NATHAN KINU'),
(550, 4, 'RASR1001', 'JOTHAM KATUYI'),
(551, 4, 'RASR1002', 'PATRICK KHARINDA'),
(552, 4, 'RASR1003', 'BRYSON SIKOLIA'),
(553, 4, 'RASR1004', 'JOSEPH KULECHO'),
(554, 4, 'RASR1005', 'SENDA ISAIAH'),
(555, 4, 'RASR1101', 'PRISCILLA MUTSAMI'),
(556, 4, 'RASR1104', 'ELIUD AMBANI'),
(557, 4, 'RASR1105', 'TOM FRED OBAIRE'),
(558, 4, 'RASR1106', 'JANE OTERA'),
(559, 4, 'RASR1107', 'ISAAC AMIANI LUMATI'),
(560, 4, 'RASR1201', 'REBAH OKUMU'),
(561, 4, 'RASR1203', 'VINCENT OKUMU'),
(562, 4, 'RASR1204', 'JOHN MOLENJE'),
(563, 4, 'RASR1205', 'CLARENCE ANGOTE'),
(564, 4, 'RASR1207', 'LUSENO LUCHELI KWALANDA'),
(565, 4, 'RAS00901', 'SAKASA LUCHELI'),
(566, 4, 'RAS00902', 'JOHN LICHUNGU'),
(567, 4, 'RAS00903', 'DANIEL MUDAVA'),
(568, 4, 'RAS00904', 'JOHN MAGANA MWACHI'),
(569, 4, 'RAS00905', 'JOHN MAERO'),
(570, 5, 'SON00101', 'RONALD RONO'),
(571, 5, 'SON00102', 'STANLEY CHERUIYOT'),
(572, 5, 'SON00103', 'REBECCA BARNGEN''Y'),
(573, 5, 'SON00104', 'REBECCA NG''ASURA'),
(574, 5, 'SON00105', 'PAUL KORIR'),
(575, 5, 'SON00201', 'BORTA SEREM'),
(576, 5, 'SON00202', 'JOSEPH TELE'),
(577, 5, 'SON00204', 'JOHN KIRUI'),
(578, 5, 'SON00205', 'DAVID RONO'),
(579, 5, 'SON00301', 'BORNESS CHESENG''ENY'),
(580, 5, 'SON00302', 'JOEL TANUI'),
(581, 5, 'SON00303', 'ALFRED LANG''AT'),
(582, 5, 'SON00304', 'PHILLIP CHEPKWONY'),
(583, 5, 'SON00305', 'JOEL MUTAI'),
(584, 5, 'SON00401', 'LIVING MWEI'),
(585, 5, 'SON00402', 'ZAKAYO CHERAMNGOI'),
(586, 5, 'SON00403', 'RICHARD CHERUIYOT'),
(587, 5, 'SON00404', 'THOMAS KESEMBE'),
(588, 5, 'SON00501', 'JOHN SEREM'),
(589, 5, 'SON00502', 'SAMWEL ROTICH'),
(590, 5, 'SON00503', 'DANIEL BORE'),
(591, 5, 'SON00504', 'RICHARD SANG'''),
(592, 5, 'SON00505', 'WILSON BII'),
(593, 5, 'SON00601', 'JOSPHAT NG''ENO'),
(594, 5, 'SON00602', 'NEHEMIAH CHERUIYOT'),
(595, 5, 'SON00603', 'LIVINGSTONE MILGO'),
(596, 5, 'SON00604', 'SAMSON NG''ENO'),
(597, 5, 'SON00605', 'PAULINE RUTTO'),
(598, 5, 'SON00701', 'ROBERT RONO'),
(599, 5, 'SON00702', 'JAMES NG''ETICH'),
(600, 5, 'SON00703', 'DAVID RONO'),
(601, 5, 'SON00704', 'JONATHAN BETT'),
(602, 5, 'SON00705', 'KIPKONES KOSKEI'),
(603, 5, 'SON00801', 'JOEL K MARINDANY'),
(604, 5, 'SON00802', 'LEONARD NG''ENO'),
(605, 5, 'SON00803', 'SAMUEL KOSKEI'),
(606, 5, 'SON00805', 'ESTHER KILACH'),
(607, 5, 'SON00901', 'CHRISTINA NG''ERECHI'),
(608, 5, 'SON00902', 'ANNA TAPUTUK'),
(609, 5, 'SON00903', 'JULIUS CHEPUKTO'),
(610, 5, 'SON00904', 'AGUSTINE BORE'),
(611, 5, 'SON00905', 'RAEL SANG'''),
(612, 5, 'SON01001', 'JOEL SITONIK'),
(613, 5, 'SON01002', 'NIXON MARITIM'),
(614, 5, 'SON01003', 'SARAH KOECH'),
(615, 5, 'SON01004', 'JOSEPH NG''ENO'),
(616, 5, 'SON01005', 'WILLIAM LANG''AT'),
(617, 5, 'SON01101', 'KIPKEMOI SIGIRA'),
(618, 5, 'SON01103', 'REUBEN CHERUIYOT'),
(619, 5, 'SON01104', 'SIGILAI SOI'),
(620, 5, 'SON01105', 'K KENDUIWO'),
(621, 5, 'SON01201', 'STEPHEN TANUI'),
(622, 5, 'SON01202', 'WESLEY LANG''AT'),
(623, 5, 'SON01203', 'STANLEY TOO'),
(624, 5, 'SON01205', 'JOSEPH MITEI'),
(625, 5, 'SON01301', 'JOEL KOECH'),
(626, 5, 'SON01302', 'RICHARD SOI'),
(627, 5, 'SON01303', 'SAMUEL SANG'''),
(628, 5, 'SON01304', 'JOHN BETT'),
(629, 5, 'SON01305', 'JOSEPH TECHIT'),
(630, 5, 'SON01401', 'ROBERT YETKEI'),
(631, 5, 'SON01402', 'RICHARD CHERUIYOT'),
(632, 5, 'SON01403', 'JOSEPH RONO'),
(633, 5, 'SON01404', 'DAVID KOECH'),
(634, 5, 'SON01405', 'RICHARD MUTAI'),
(635, 5, 'SON01501', 'RICHARD KORIR'),
(636, 5, 'SON01503', 'DAVID SIGIRA'),
(637, 5, 'SON01504', 'RACHEL TANUI'),
(638, 5, 'SON01505', 'GEOFRY TOLE'),
(639, 5, 'SON01601', 'JOSEAH RUTTO'),
(640, 5, 'SON01602', 'MARITIM MARINDANY'),
(641, 5, 'SON01603', 'AGUSTINE LANG''AT'),
(642, 5, 'SON01604', 'DAVID SOO'),
(643, 5, 'SON01605', 'SAMMY KIRUI'),
(644, 5, 'SON01701', 'MUSA RONO'),
(645, 5, 'SON01702', 'MICAH KIRUI'),
(646, 5, 'SON01703', 'WESLEY SANG'''),
(647, 5, 'SON01704', 'ROBERT NG''ETICH'),
(648, 5, 'SON01705', 'JULIUS KIRUI'),
(649, 5, 'SON01801', 'VINCENT KOSKEI'),
(650, 5, 'SON01802', 'PHILLIP ROTICH'),
(651, 5, 'SON01803', 'FRANCIS CHAMTANY'),
(652, 5, 'SON01804', 'DAVID NG''ENO'),
(653, 5, 'SON01806', 'SYLVESTER BETT'),
(654, 5, 'SON01901', 'FRANCIS KESEMBE'),
(655, 5, 'SON01902', 'GRACE KOECH'),
(656, 5, 'SON01903', 'JOHN SIGEI'),
(657, 5, 'SON01904', 'WILSON TANUI'),
(658, 5, 'SON01905', 'JULIUS TERER'),
(659, 5, 'SON02001', 'BOT JOYCE CHUMO'),
(660, 5, 'SON02002', 'SAMWEL KORIR'),
(661, 5, 'SON02003', 'JOHANA ROTICH'),
(662, 5, 'SON02004', 'ELIJAH CHERUIYOT'),
(663, 5, 'SON02005', 'RUSY NG''ERECHI'),
(664, 5, 'SON02101', 'JOSEPH SIGEI'),
(665, 5, 'SON02102', 'PAUL NG''ENO'),
(666, 5, 'SON02103', 'AMBROSE LANG''AT'),
(667, 5, 'SON02104', 'JOHN RUGUT'),
(668, 5, 'SON02105', 'PAUL SIGEI'),
(669, 5, 'SON02201', 'KIPCHAMBA MARUGET'),
(670, 5, 'SON02202', 'KIPKEMOI SOI'),
(671, 5, 'SON02203', 'ANTHONY KOECH'),
(672, 5, 'SON02204', 'DAVID LANG''AT'),
(673, 5, 'SON02205', 'WELDON SANG'),
(674, 5, 'SON02301', 'ZAKAYO TAMIRO'),
(675, 5, 'SON02302', 'WINNY TAMIRO'),
(676, 5, 'SON02303', 'JONAH TANUI'),
(677, 5, 'SON02304', 'FRANCIS KOECH'),
(678, 5, 'SON02305', 'ZAKAYO LANG''AT'),
(679, 5, 'SON02401', 'WILLIAM TOWETT'),
(680, 5, 'SON02402', 'PETER LANG''AT'),
(681, 5, 'SON02403', 'ELIJAH KIRUI'),
(682, 5, 'SON02404', 'RUSY MERUGO'),
(683, 5, 'SON02405', 'DANIEL KIRUI'),
(684, 5, 'SON02501', 'JOHN LEITICH'),
(685, 5, 'SON02502', 'PRISCILLA MAINA'),
(686, 5, 'SON02503', 'HENRY NYIGEI'),
(687, 5, 'SON02505', 'NELSON TIGIREI'),
(688, 5, 'SON02601', 'SIMEON MWEI'),
(689, 5, 'SON02603', 'JOSEAH ROTICH'),
(690, 5, 'SON02604', 'SAMUEL BUNEI'),
(691, 5, 'SON02605', 'JACKSON RUTTO'),
(692, 5, 'SON02701', 'AGNES SOI'),
(693, 5, 'SON02702', 'WESLEY ROTICH'),
(694, 5, 'SON02703', 'PAUL RONO'),
(695, 5, 'SON02704', 'SIMEON CHERUIYOT'),
(696, 5, 'SON02706', 'DAVID BETT'),
(697, 5, 'SON02801', 'RAPHAEL RONO'),
(698, 5, 'SON02802', 'JOEL RONO'),
(699, 5, 'SON02803', 'RAPHAEL MURIET'),
(700, 5, 'SON02804', 'PAUL LANG''AT'),
(701, 5, 'SON02805', 'SAMMY ROTICH'),
(702, 5, 'SON02901', 'PHILLIP BETT'),
(703, 5, 'SON02902', 'PAUL MWEI'),
(704, 5, 'SON02903', 'DANIEL KORIR'),
(705, 5, 'SON02904', 'REUBEN CHIRCHIR'),
(706, 5, 'SON02905', 'BETTY ROTICH'),
(707, 5, 'SON03001', 'JOSEPH METET'),
(708, 5, 'SON03002', 'RICHARD ROTICH'),
(709, 5, 'SON03003', 'RICHARD METET'),
(710, 5, 'SON03004', 'RICHARD LANG''AT'),
(711, 5, 'SONR0401', 'JOEL BETT'),
(712, 5, 'SONR0402', 'RICHARD KOECH'),
(713, 5, 'SONR0403', 'ZEDDY KOECH'),
(714, 5, 'SONR0404', 'RUSY BOT ELIAS'),
(715, 5, 'SONR0406', 'RUSY MARISIN');

-- --------------------------------------------------------

--
-- Table structure for table `samples`
--

CREATE TABLE IF NOT EXISTS `samples` (
  `id` int(11) unsigned NOT NULL AUTO_INCREMENT,
  `sampling_date_time` timestamp NOT NULL DEFAULT CURRENT_TIMESTAMP ON UPDATE CURRENT_TIMESTAMP,
  `barcode` varchar(32) NOT NULL,
  `animalReadId` int(11) unsigned NOT NULL,
  `animalId` int(11) NOT NULL,
  `comment` varchar(1000) DEFAULT NULL,
  PRIMARY KEY (`id`),
  UNIQUE KEY `barcode` (`barcode`),
  KEY `animalReadId` (`animalReadId`),
  KEY `animalId` (`animalId`)
) ENGINE=InnoDB DEFAULT CHARSET=utf8 AUTO_INCREMENT=1 ;

-- --------------------------------------------------------

--
-- Table structure for table `sample_reads`
--

CREATE TABLE IF NOT EXISTS `sample_reads` (
  `id` int(11) NOT NULL AUTO_INCREMENT,
  `barcode` varchar(15) NOT NULL,
  `date_time` timestamp NOT NULL DEFAULT CURRENT_TIMESTAMP ON UPDATE CURRENT_TIMESTAMP,
  `action` enum('added','deleted','animal_deleted') NOT NULL,
  PRIMARY KEY (`id`)
) ENGINE=InnoDB DEFAULT CHARSET=latin1 AUTO_INCREMENT=1 ;

-- --------------------------------------------------------

--
-- Table structure for table `sample_types`
--

CREATE TABLE IF NOT EXISTS `sample_types` (
  `id` int(11) NOT NULL AUTO_INCREMENT,
  `prefix` varchar(5) NOT NULL DEFAULT '',
  `description` varchar(100) DEFAULT NULL,
  PRIMARY KEY (`id`),
  UNIQUE KEY `prefix` (`prefix`)
) ENGINE=MyISAM  DEFAULT CHARSET=utf8 AUTO_INCREMENT=12 ;

--
-- Dumping data for table `sample_types`
--

INSERT INTO `sample_types` (`id`, `prefix`, `description`) VALUES
(1, 'MSC', 'Miscellaneous'),
(2, 'SWB', 'Swab'),
(3, 'BDT', 'EDTA Vacutainer'),
(4, 'BSR', 'Dry Vacutainer'),
(5, 'TCK', 'Tick'),
(6, 'BHP', 'Heparin Vacutainer'),
(7, 'BGA', '<unknown>'),
(8, 'BFI', '<unknown>'),
(9, 'L8R', 'Virus in Lysis Buffer'),
(10, 'VTB', 'Virus in Transport Buffer'),
(11, 'AVA', 'avid aliquot');

-- --------------------------------------------------------

--
-- Table structure for table `sites`
--

CREATE TABLE IF NOT EXISTS `sites` (
  `id` int(11) NOT NULL AUTO_INCREMENT,
  `name` varchar(50) NOT NULL,
  PRIMARY KEY (`id`),
  UNIQUE KEY `name` (`name`)
) ENGINE=InnoDB  DEFAULT CHARSET=latin1 AUTO_INCREMENT=6 ;

--
-- Dumping data for table `sites`
--

INSERT INTO `sites` (`id`, `name`) VALUES
(1, 'BUT'),
(2, 'KAP'),
(3, 'MET'),
(4, 'RAS'),
(5, 'SON');

--
-- Constraints for dumped tables
--

--
-- Constraints for table `animal_reads`
--
ALTER TABLE `animal_reads`
  ADD CONSTRAINT `animal_reads_ibfk_2` FOREIGN KEY (`animalId`) REFERENCES `dgea_animals` (`id`),
  ADD CONSTRAINT `animal_reads_ibfk_3` FOREIGN KEY (`gps_id`) REFERENCES `gps_data` (`id`);

--
-- Constraints for table `dgea_animals`
--
ALTER TABLE `dgea_animals`
  ADD CONSTRAINT `dgea_animals_ibfk_1` FOREIGN KEY (`hhId`) REFERENCES `households` (`id`);

--
-- Constraints for table `households`
--
ALTER TABLE `households`
  ADD CONSTRAINT `households_ibfk_1` FOREIGN KEY (`siteId`) REFERENCES `sites` (`id`);

--
-- Constraints for table `samples`
--
ALTER TABLE `samples`
  ADD CONSTRAINT `samples_ibfk_1` FOREIGN KEY (`animalReadId`) REFERENCES `animal_reads` (`id`),
  ADD CONSTRAINT `samples_ibfk_2` FOREIGN KEY (`animalId`) REFERENCES `dgea_animals` (`id`);
